trial_id,config,direction,target_counts,home_counts,t_cmd_ns,t_react_ns,t_engage_ns,t_complete_ns,reaction_us,motion_us,settle_us,total_us,final_pos_counts,final_error_counts
0,100um_pos,1,603026,583026,2922622167775195,2922622168489054,2922622184452768,2922622216068752,713.859,15963.714,31615.984,48293.557,603028,2
1,100um_pos,1,603027,583027,2922622290340021,2922622291072687,2922622307600276,2922622339450543,732.666,16527.589,31850.267,49110.522,603029,2
2,100um_pos,1,603027,583027,2922622422706514,2922622423423508,2922622432224764,2922622469803671,716.994,8801.256,37578.907,47097.157,603029,2
3,100um_pos,1,603027,583027,2922622543333383,2922622544072811,2922622552952905,2922622592828209,739.428,8880.094,39875.304,49494.826,603029,2
4,100um_pos,1,603026,583026,2922622669196046,2922622670269764,2922622678951959,2922622717623613,1073.718,8682.195,38671.654,48427.567,603027,1
5,100um_pos,1,603026,583026,2922622793688872,2922622794430239,2922622803542546,2922622842643468,741.367,9112.307,39100.922,48954.596,603027,1
6,100um_pos,1,603025,583025,2922622918582955,2922622919344189,2922622928459591,2922622969644846,761.234,9115.402,41185.255,51061.891,603028,3
7,100um_pos,1,603026,583026,2922623051563949,2922623052322868,2922623061280732,2922623100313187,758.919,8957.864,39032.455,48749.238,603028,2
8,100um_pos,1,603027,583027,2922623178625676,2922623179368837,2922623188546203,2922623226517741,743.161,9177.366,37971.538,47892.065,603029,2
9,100um_pos,1,603025,583025,2922623303561590,2922623304303675,2922623313335277,2922623351027098,742.085,9031.602,37691.821,47465.508,603027,2
10,100um_pos,1,603026,583026,2922623428708353,2922623429430576,2922623438746529,2922623480148479,722.223,9315.953,41401.95,51440.126,603027,1
11,100um_pos,1,603026,583026,2922623558100873,2922623558838317,2922623567949470,2922623609231276,737.444,9111.153,41281.806,51130.403,603027,1
12,100um_pos,1,603025,583025,2922623687979774,2922623688697678,2922623697746544,2922623735103038,717.904,9048.866,37356.494,47123.264,603025,0
13,100um_pos,1,603026,583026,2922623809937165,2922623811032683,2922623819706193,2922623861498120,1095.518,8673.51,41791.927,51560.955,603027,1
14,100um_pos,1,603026,583026,2922623939480057,2922623940201277,2922623949343388,2922623991832103,721.22,9142.111,42488.715,52352.046,603027,1
15,100um_pos,1,603026,583026,2922624072561888,2922624073280987,2922624082478219,2922624120597336,719.099,9197.232,38119.117,48035.448,603029,3
16,100um_pos,1,603025,583025,2922624201357926,2922624202095484,2922624218352339,2922624249471499,737.558,16256.855,31119.16,48113.573,603026,1
17,100um_pos,1,603025,583025,2922624324954298,2922624325673662,2922624334992089,2922624378202485,719.364,9318.427,43210.396,53248.187,603027,2
18,100um_pos,1,603026,583026,2922624458082379,2922624458795806,2922624468060451,2922624505740140,713.427,9264.645,37679.689,47657.761,603028,2
19,100um_pos,1,603026,583026,2922624582433302,2922624583151832,2922624599593188,2922624631244030,718.53,16441.356,31650.842,48810.728,603026,0
20,100um_pos,1,603026,583026,2922624706707631,2922624707445901,2922624723948712,2922624756868628,738.27,16502.811,32919.916,50160.997,603027,1
21,100um_pos,1,603026,583026,2922624837210483,2922624837946425,2922624847202993,2922624887767032,735.942,9256.568,40564.039,50556.549,603028,2
22,100um_pos,1,603025,583025,2922624963185593,2922624963902926,2922624973246739,2922625016515442,717.333,9343.813,43268.703,53329.849,603027,2
23,100um_pos,1,603026,583026,2922625095694473,2922625096427337,2922625105707490,2922625144450742,732.864,9280.153,38743.252,48756.269,603027,1
24,100um_pos,1,603026,583026,2922625220421078,2922625221200762,2922625230378730,2922625268643238,779.684,9177.968,38264.508,48222.16,603028,2
25,100um_pos,1,603025,583025,2922625347051180,2922625347798518,2922625357140466,2922625396089043,747.338,9341.948,38948.577,49037.863,603028,3
26,100um_pos,1,603026,583026,2922625475685078,2922625476429308,2922625485676332,2922625527762423,744.23,9247.024,42086.091,52077.345,603027,1
27,100um_pos,1,603026,583026,2922625604701746,2922625605400344,2922625614637646,2922625653769487,698.598,9237.302,39131.841,49067.741,603028,2
28,100um_pos,1,603025,583025,2922625733373695,2922625734471018,2922625743369375,2922625780409345,1097.323,8898.357,37039.97,47035.65,603027,2
29,100um_pos,1,603025,583025,2922625858101259,2922625859201544,2922625868139958,2922625901929047,1100.285,8938.414,33789.089,43827.788,603028,3
30,100um_pos,1,603025,583025,2922625979141252,2922625979839353,2922625989119856,2922626026596083,698.101,9280.503,37476.227,47454.831,603028,3
31,100um_pos,1,603025,583025,2922626105420123,2922626106158061,2922626115334341,2922626154765613,737.938,9176.28,39431.272,49345.49,603027,2
32,100um_pos,1,603026,583026,2922626231925996,2922626232796014,2922626241754446,2922626284615815,870.018,8958.432,42861.369,52689.819,603027,1
33,100um_pos,1,603027,583027,2922626365223812,2922626366196387,2922626382475568,2922626411389298,972.575,16279.181,28913.73,46165.486,603029,2
34,100um_pos,1,603026,583026,2922626490131875,2922626490859630,2922626500163595,2922626539677537,727.755,9303.965,39513.942,49545.662,603028,2
35,100um_pos,1,603026,583026,2922626616229030,2922626616919977,2922626626369399,2922626670407277,690.947,9449.422,44037.878,54178.247,603027,1
36,100um_pos,1,603026,583026,2922626748806014,2922626749524361,2922626765989491,2922626798244913,718.347,16465.13,32255.422,49438.899,603027,1
37,100um_pos,1,603026,583026,2922626879206111,2922626879941354,2922626889307632,2922626927365984,735.243,9366.278,38058.352,48159.873,603027,1
38,100um_pos,1,603026,583026,2922627004950480,2922627005670444,2922627014967704,2922627055305950,719.964,9297.26,40338.246,50355.47,603028,2
39,100um_pos,1,603025,583025,2922627134079359,2922627134793198,2922627151075494,2922627183821519,713.839,16282.296,32746.025,49742.16,603026,1
40,100um_pos,1,603026,583026,2922627260307688,2922627261078859,2922627270471583,2922627310924701,771.171,9392.724,40453.118,50617.013,603027,1
41,100um_pos,1,603026,583026,2922627389927111,2922627391028009,2922627400073956,2922627437448991,1100.898,9045.947,37375.035,47521.88,603028,2
42,100um_pos,1,603026,583026,2922627518556004,2922627519276706,2922627528574495,2922627567947085,720.702,9297.789,39372.59,49391.081,603028,2
43,100um_pos,1,603027,583027,2922627644310129,2922627645068854,2922627661499350,2922627694864727,758.725,16430.496,33365.377,50554.598,603029,2
44,100um_pos,1,603027,583027,2922627774181038,2922627774898348,2922627791347624,2922627823062328,717.31,16449.276,31714.704,48881.29,603028,1
45,100um_pos,1,603025,583025,2922627900600305,2922627901297215,2922627910637580,2922627948992391,696.91,9340.365,38354.811,48392.086,603028,3
46,100um_pos,1,603026,583026,2922628023803658,2922628024524309,2922628040702334,2922628076365532,720.651,16178.025,35663.198,52561.874,603028,2
47,100um_pos,1,603027,583027,2922628155426723,2922628156169217,2922628172466994,2922628204682776,742.494,16297.777,32215.782,49256.053,603029,2
48,100um_pos,1,603026,583026,2922628279077597,2922628280157020,2922628296220797,2922628330176245,1079.423,16063.777,33955.448,51098.648,603026,0
49,100um_pos,1,603026,583026,2922628406891432,2922628407614851,2922628416945608,2922628458089690,723.419,9330.757,41144.082,51198.258,603027,1
50,100um_pos,1,603026,583026,2922628534683273,2922628535439759,2922628544628343,2922628588468401,756.486,9188.584,43840.058,53785.128,603028,2
51,100um_pos,1,603026,583026,2922628671806906,2922628672567250,2922628681897330,2922628719926733,760.344,9330.08,38029.403,48119.827,603027,1
52,100um_pos,1,603027,583027,2922628794887531,2922628796023525,2922628804904516,2922628844785693,1135.994,8880.991,39881.177,49898.162,603029,2
53,100um_pos,1,603026,583026,2922628928950267,2922628929688050,2922628938906722,2922628976839145,737.783,9218.672,37932.423,47888.878,603028,2
54,100um_pos,1,603027,583027,2922629052102690,2922629053231929,2922629061866867,2922629102450084,1129.239,8634.938,40583.217,50347.394,603029,2
55,100um_pos,1,603025,583025,2922629180580258,2922629181338924,2922629190451312,2922629229890790,758.666,9112.388,39439.478,49310.532,603027,2
56,100um_pos,1,603026,583026,2922629305327139,2922629306085505,2922629314966633,2922629356343787,758.366,8881.128,41377.154,51016.648,603027,1
57,100um_pos,1,603026,583026,2922629433621610,2922629434400258,2922629443430085,2922629483602519,778.648,9029.827,40172.434,49980.909,603028,2
58,100um_pos,1,603027,583027,2922629562932496,2922629563955066,2922629572684342,2922629612449385,1022.57,8729.276,39765.043,49516.889,603029,2
59,100um_pos,1,603027,583027,2922629689495266,2922629690237786,2922629699280786,2922629737487414,742.52,9043.0,38206.628,47992.148,603028,1
60,100um_pos,1,603026,583026,2922629813451941,2922629814192625,2922629823391570,2922629862841671,740.684,9198.945,39450.101,49389.73,603028,2
61,100um_pos,1,603026,583026,2922629942120460,2922629942833033,2922629951797317,2922629989449761,712.573,8964.284,37652.444,47329.301,603027,1
62,100um_pos,1,603026,583026,2922630067453312,2922630068189701,2922630077306635,2922630115469217,736.389,9116.934,38162.582,48015.905,603028,2
63,100um_pos,1,603027,583027,2922630194392761,2922630195083748,2922630204322284,2922630242988024,690.987,9238.536,38665.74,48595.263,603028,1
64,100um_pos,1,603027,583027,2922630318677671,2922630319441219,2922630328783249,2922630371038276,763.548,9342.03,42255.027,52360.605,603028,1
65,100um_pos,1,603026,583026,2922630448970227,2922630449688491,2922630458862577,2922630498719761,718.264,9174.086,39857.184,49749.534,603028,2
66,100um_pos,1,603026,583026,2922630580451450,2922630581169738,2922630590323035,2922630628862374,718.288,9153.297,38539.339,48410.924,603028,2
67,100um_pos,1,603026,583026,2922630705681944,2922630706419100,2922630715699371,2922630754113938,737.156,9280.271,38414.567,48431.994,603027,1
68,100um_pos,1,603026,583026,2922630831327236,2922630832067032,2922630841364946,2922630880084062,739.796,9297.914,38719.116,48756.826,603026,0
69,100um_pos,1,603026,583026,2922630955945231,2922630956665881,2922630965922891,2922631004195803,720.65,9257.01,38272.912,48250.572,603028,2
70,100um_pos,1,603027,583027,2922631079947461,2922631080687939,2922631089842290,2922631128441908,740.478,9154.351,38599.618,48494.447,603029,2
71,100um_pos,1,603025,583025,2922631205697934,2922631206397609,2922631223070400,2922631255945638,699.675,16672.791,32875.238,50247.704,603025,0
72,100um_pos,1,603026,583026,2922631332677849,2922631333417588,2922631349986025,2922631380964528,739.739,16568.437,30978.503,48286.679,603028,2
73,100um_pos,1,603027,583027,2922631457824662,2922631458543163,2922631475218011,2922631507570561,718.501,16674.848,32352.55,49745.899,603028,1
74,100um_pos,1,603026,583026,2922631584195015,2922631584918287,2922631594321024,2922631634964704,723.272,9402.737,40643.68,50769.689,603026,0
75,100um_pos,1,603026,583026,2922631716450785,2922631717171549,2922631733796597,2922631765036723,720.764,16625.048,31240.126,48585.938,603027,1
76,100um_pos,1,603026,583026,2922631840448830,2922631841187717,2922631857760785,2922631893946118,738.887,16573.068,36185.333,53497.288,603026,0
77,100um_pos,1,603026,583026,2922631972549562,2922631973275302,2922631982670692,2922632022672415,725.74,9395.39,40001.723,50122.853,603028,2
78,100um_pos,1,603026,583026,2922632102445675,2922632103168579,2922632112322446,2922632150362482,722.904,9153.867,38040.036,47916.807,603027,1
79,100um_pos,1,603026,583026,2922632229863942,2922632230603165,2922632239858102,2922632278739089,739.223,9254.937,38880.987,48875.147,603027,1
80,100um_pos,1,603026,583026,2922632355925060,2922632356667029,2922632373193326,2922632407692877,741.969,16526.297,34499.551,51767.817,603027,1
81,100um_pos,1,603025,583025,2922632482950036,2922632483641186,2922632492840506,2922632531097861,691.15,9199.32,38257.355,48147.825,603026,1
82,100um_pos,1,603027,583027,2922632610489658,2922632611591323,2922632620486116,2922632657983450,1101.665,8894.793,37497.334,47493.792,603029,2
83,100um_pos,1,603025,583025,2922632734199639,2922632734934581,2922632751588845,2922632783589979,734.942,16654.264,32001.134,49390.34,603027,2
84,100um_pos,1,603026,583026,2922632860061383,2922632860791789,2922632870137275,2922632911387377,730.406,9345.486,41250.102,51325.994,603027,1
85,100um_pos,1,603027,583027,2922632988267641,2922632988984090,2922633005358114,2922633039058257,716.449,16374.024,33700.143,50790.616,603029,2
86,100um_pos,1,603027,583027,2922633115203146,2922633115917513,2922633125136317,2922633165658719,714.367,9218.804,40522.402,50455.573,603028,1
87,100um_pos,1,603026,583026,2922633244222133,2922633244938354,2922633261301242,2922633289984275,716.221,16362.888,28683.033,45762.142,603027,1
88,100um_pos,1,603027,583027,2922633368591885,2922633369718155,2922633385777256,2922633418036176,1126.27,16059.101,32258.92,49444.291,603030,3
89,100um_pos,1,603026,583026,2922633495450394,2922633496187550,2922633512486614,2922633545285492,737.156,16299.064,32798.878,49835.098,603026,0
90,100um_pos,1,603026,583026,2922633621108986,2922633621838586,2922633637945478,2922633669142180,729.6,16106.892,31196.702,48033.194,603028,2
91,100um_pos,1,603026,583026,2922633748241872,2922633749322385,2922633765342700,2922633796296397,1080.513,16020.315,30953.697,48054.525,603027,1
92,100um_pos,1,603027,583027,2922633874094004,2922633874833698,2922633891532547,2922633921632714,739.694,16698.849,30100.167,47538.71,603029,2
93,100um_pos,1,603024,583024,2922633993943243,2922633994666202,2922634003985650,2922634043259211,722.959,9319.448,39273.561,49315.968,603025,1
94,100um_pos,1,603026,583026,2922634124742662,2922634125781895,2922634134741453,2922634172669278,1039.233,8959.558,37927.825,47926.616,603027,1
95,100um_pos,1,603025,583025,2922634249224360,2922634249919073,2922634258907799,2922634297945010,694.713,8988.726,39037.211,48720.65,603027,2
96,100um_pos,1,603026,583026,2922634370430051,2922634371510498,2922634380169513,2922634422140305,1080.447,8659.015,41970.792,51710.254,603028,2
97,100um_pos,1,603026,583026,2922634498182043,2922634498892061,2922634508172613,2922634547175214,710.018,9280.552,39002.601,48993.171,603027,1
98,100um_pos,1,603027,583027,2922634626179949,2922634627258831,2922634635985321,2922634672462167,1078.882,8726.49,36476.846,46282.218,603029,2
99,100um_pos,1,603027,583027,2922634747675027,2922634748391127,2922634757480764,2922634800543127,716.1,9089.637,43062.363,52868.1,603027,0
100,100um_neg,-1,563026,583026,2922634876796848,2922634877880633,2922634886668141,2922634928962265,1083.785,8787.508,42294.124,52165.417,563025,1
101,100um_neg,-1,563030,583030,2922635004799175,2922635005884797,2922635014818526,2922635052589975,1085.622,8933.729,37771.449,47790.8,563030,0
102,100um_neg,-1,563029,583029,2922635128198158,2922635128912679,2922635137982244,2922635176216208,714.521,9069.565,38233.964,48018.05,563028,1
103,100um_neg,-1,563030,583030,2922635256548145,2922635257290582,2922635266630459,2922635301460947,742.437,9339.877,34830.488,44912.802,563029,1
104,100um_neg,-1,563030,583030,2922635384445796,2922635385145127,2922635394548618,2922635431193484,699.331,9403.491,36644.866,46747.688,563028,2
105,100um_neg,-1,563030,583030,2922635507799123,2922635508515453,2922635524606639,2922635553020839,716.33,16091.186,28414.2,45221.716,563028,2
106,100um_neg,-1,563030,583030,2922635636675369,2922635637416453,2922635653534194,2922635682528281,741.084,16117.741,28994.087,45852.912,563029,1
107,100um_neg,-1,563031,583031,2922635760468196,2922635761187708,2922635770461975,2922635805777747,719.512,9274.267,35315.772,45309.551,563031,0
108,100um_neg,-1,563029,583029,2922635887553351,2922635888636379,2922635897736225,2922635933256970,1083.028,9099.846,35520.745,45703.619,563028,1
109,100um_neg,-1,563029,583029,2922636016639360,2922636017718120,2922636033487893,2922636061078478,1078.76,15769.773,27590.585,44439.118,563027,2
110,100um_neg,-1,563031,583031,2922636138317092,2922636139029025,2922636148424118,2922636182445322,711.933,9395.093,34021.204,44128.23,563029,2
111,100um_neg,-1,563030,583030,2922636274321708,2922636275050817,2922636284437702,2922636319319582,729.109,9386.885,34881.88,44997.874,563029,1
112,100um_neg,-1,563031,583031,2922636399547635,2922636400290527,2922636409697905,2922636445668493,742.892,9407.378,35970.588,46120.858,563029,2
113,100um_neg,-1,563029,583029,2922636533923900,2922636534639391,2922636550654112,2922636577257640,715.491,16014.721,26603.528,43333.74,563028,1
114,100um_neg,-1,563030,583030,2922636656570923,2922636657311846,2922636666712372,2922636701576154,740.923,9400.526,34863.782,45005.231,563028,2
115,100um_neg,-1,563031,583031,2922636779568985,2922636780291968,2922636796564196,2922636826314905,722.983,16272.228,29750.709,46745.92,563029,2
116,100um_neg,-1,563030,583030,2922636904069156,2922636904810073,2922636921069522,2922636951441707,740.917,16259.449,30372.185,47372.551,563028,2
117,100um_neg,-1,563030,583030,2922637034133723,2922637034829589,2922637044172279,2922637078462457,695.866,9342.69,34290.178,44328.734,563028,2
118,100um_neg,-1,563031,583031,2922637158058401,2922637158809707,2922637168212064,2922637204281580,751.306,9402.357,36069.516,46223.179,563029,2
119,100um_neg,-1,563030,583030,2922637283441255,2922637284164687,2922637293505496,2922637328691840,723.432,9340.809,35186.344,45250.585,563029,1
120,100um_neg,-1,563030,583030,2922637404590453,2922637405310408,2922637414689450,2922637451419655,719.955,9379.042,36730.205,46829.202,563029,1
121,100um_neg,-1,563030,583030,2922637531669767,2922637532435146,2922637541713534,2922637574651594,765.379,9278.388,32938.06,42981.827,563028,2
122,100um_neg,-1,563030,583030,2922637655671706,2922637656391220,2922637665520727,2922637700011828,719.514,9129.507,34491.101,44340.122,563028,2
123,100um_neg,-1,563030,583030,2922637782054013,2922637782806157,2922637792069083,2922637825794890,752.144,9262.926,33725.807,43740.877,563029,1
124,100um_neg,-1,563030,583030,2922637903059567,2922637903785606,2922637913108352,2922637949442706,726.039,9322.746,36334.354,46383.139,563029,1
125,100um_neg,-1,563030,583030,2922638028107041,2922638028834344,2922638038281857,2922638074443106,727.303,9447.513,36161.249,46336.065,563028,2
126,100um_neg,-1,563031,583031,2922638159359230,2922638160080566,2922638169318271,2922638199630425,721.336,9237.705,30312.154,40271.195,563029,2
127,100um_neg,-1,563030,583030,2922638280814734,2922638281538754,2922638297876641,2922638323606277,724.02,16337.887,25729.636,42791.543,563028,2
128,100um_neg,-1,563029,583029,2922638403964387,2922638404687261,2922638413937709,2922638445476171,722.874,9250.448,31538.462,41511.784,563027,2
129,100um_neg,-1,563031,583031,2922638525421028,2922638526142751,2922638535255037,2922638567483712,721.723,9112.286,32228.675,42062.684,563029,2
130,100um_neg,-1,563030,583030,2922638645694592,2922638646410435,2922638655564255,2922638688170880,715.843,9153.82,32606.625,42476.288,563028,2
131,100um_neg,-1,563029,583029,2922638776079393,2922638776807297,2922638785961110,2922638818461238,727.904,9153.813,32500.128,42381.845,563027,2
132,100um_neg,-1,563029,583029,2922638900676014,2922638901797294,2922638918075578,2922638938857861,1121.28,16278.284,20782.283,38181.847,563028,1
133,100um_neg,-1,563030,583030,2922639019346166,2922639020062321,2922639029322128,2922639062054972,716.155,9259.807,32732.844,42708.806,563029,1
134,100um_neg,-1,563030,583030,2922639144323472,2922639145043699,2922639154337992,2922639183938071,720.227,9294.293,29600.079,39614.599,563028,2
135,100um_neg,-1,563030,583030,2922639264592855,2922639265351763,2922639274734632,2922639306757963,758.908,9382.869,32023.331,42165.108,563029,1
136,100um_neg,-1,563031,583031,2922639389321865,2922639390048159,2922639399407107,2922639430693449,726.294,9358.948,31286.342,41371.584,563029,2
137,100um_neg,-1,563030,583030,2922639510804569,2922639511798910,2922639520830198,2922639554069396,994.341,9031.288,33239.198,43264.827,563028,2
138,100um_neg,-1,563030,583030,2922639630690918,2922639631450065,2922639640407072,2922639674232676,759.147,8957.007,33825.604,43541.758,563027,3
139,100um_neg,-1,563030,583030,2922639752543709,2922639753263232,2922639762459536,2922639797686110,719.523,9196.304,35226.574,45142.401,563028,2
140,100um_neg,-1,563030,583030,2922639877858704,2922639878558097,2922639887602710,2922639919957776,699.393,9044.613,32355.066,42099.072,563028,2
141,100um_neg,-1,563030,583030,2922640001423197,2922640002163181,2922640011420031,2922640044584808,739.984,9256.85,33164.777,43161.611,563029,1
142,100um_neg,-1,563030,583030,2922640125418250,2922640126161557,2922640135314496,2922640167913885,743.307,9152.939,32599.389,42495.635,563028,2
143,100um_neg,-1,563030,583030,2922640249941574,2922640250659718,2922640259876572,2922640292687974,718.144,9216.854,32811.402,42746.4,563029,1
144,100um_neg,-1,563030,583030,2922640371665847,2922640372386773,2922640381624245,2922640416934508,720.926,9237.472,35310.263,45268.661,563029,1
145,100um_neg,-1,563030,583030,2922640497919423,2922640499015930,2922640507763197,2922640542807984,1096.507,8747.267,35044.787,44888.561,563029,1
146,100um_neg,-1,563030,583030,2922640620386913,2922640621126865,2922640630317527,2922640665586272,739.952,9190.662,35268.745,45199.359,563028,2
147,100um_neg,-1,563031,583031,2922640744194641,2922640745270804,2922640754293548,2922640786132140,1076.163,9022.744,31838.592,41937.499,563029,2
148,100um_neg,-1,563030,583030,2922640872297109,2922640873379303,2922640882210945,2922640913295878,1082.194,8831.642,31084.933,40998.769,563028,2
149,100um_neg,-1,563030,583030,2922640991316889,2922640992412101,2922641001174494,2922641032187769,1095.212,8762.393,31013.275,40870.88,563027,3
150,100um_neg,-1,563030,583030,2922641113566638,2922641114283806,2922641123378554,2922641153541819,717.168,9094.748,30163.265,39975.181,563029,1
151,100um_neg,-1,563029,583029,2922641238170927,2922641238886807,2922641247937515,2922641272935767,715.88,9050.708,24998.252,34764.84,563027,2
152,100um_neg,-1,563031,583031,2922641357318157,2922641358065081,2922641367335171,2922641388273476,746.924,9270.09,20938.305,30955.319,563028,3
153,100um_neg,-1,563030,583030,2922641469335959,2922641470060248,2922641479068451,2922641505477876,724.289,9008.203,26409.425,36141.917,563028,2
154,100um_neg,-1,563030,583030,2922641589194238,2922641589928654,2922641598935417,2922641620479712,734.416,9006.763,21544.295,31285.474,563028,2
155,100um_neg,-1,563030,583030,2922641703999147,2922641704717824,2922641713833688,2922641735330268,718.677,9115.864,21496.58,31331.121,563027,3
156,100um_neg,-1,563030,583030,2922641818777148,2922641819476112,2922641828559848,2922641849917511,698.964,9083.736,21357.663,31140.363,563029,1
157,100um_neg,-1,563029,583029,2922641934958797,2922641935678378,2922641944998389,2922641966498301,719.581,9320.011,21499.912,31539.504,563027,2
158,100um_neg,-1,563030,583030,2922642049614881,2922642050688583,2922642059378793,2922642081254695,1073.702,8690.21,21875.902,31639.814,563028,2
159,100um_neg,-1,563030,583030,2922642163319112,2922642164040811,2922642180811506,2922642200542231,721.699,16770.695,19730.725,37223.119,563028,2
160,100um_neg,-1,563030,583030,2922642287936243,2922642288657805,2922642297909089,2922642323936795,721.562,9251.284,26027.706,36000.552,563029,1
161,100um_neg,-1,563030,583030,2922642403189609,2922642403903902,2922642412915743,2922642440246504,714.293,9011.841,27330.761,37056.895,563027,3
162,100um_neg,-1,563030,583030,2922642517460313,2922642518559192,2922642527187951,2922642558921017,1098.879,8628.759,31733.066,41460.704,563029,1
163,100um_neg,-1,563030,583030,2922642640486895,2922642641526203,2922642650275028,2922642681935292,1039.308,8748.825,31660.264,41448.397,563029,1
164,100um_neg,-1,563030,583030,2922642759191599,2922642759925633,2922642768954437,2922642805828680,734.034,9028.804,36874.243,46637.081,563028,2
165,100um_neg,-1,563031,583031,2922642884962576,2922642885675999,2922642894749741,2922642929376695,713.423,9073.742,34626.954,44414.119,563029,2
166,100um_neg,-1,563030,583030,2922643010171848,2922643010905096,2922643020209844,2922643054854828,733.248,9304.748,34644.984,44682.98,563029,1
167,100um_neg,-1,563030,583030,2922643139504444,2922643140248622,2922643149231010,2922643185124420,744.178,8982.388,35893.41,45619.976,563029,1
168,100um_neg,-1,563030,583030,2922643267811485,2922643268531453,2922643277480064,2922643309271657,719.968,8948.611,31791.593,41460.172,563029,1
169,100um_neg,-1,563030,583030,2922643389068561,2922643389779977,2922643399009300,2922643432558361,711.416,9229.323,33549.061,43489.8,563028,2
170,100um_neg,-1,563030,583030,2922643516404517,2922643517124431,2922643526434550,2922643559250970,719.914,9310.119,32816.42,42846.453,563028,2
171,100um_neg,-1,563030,583030,2922643641791158,2922643642510348,2922643651787177,2922643681707414,719.19,9276.829,29920.237,39916.256,563029,1
172,100um_neg,-1,563031,583031,2922643761189915,2922643761906626,2922643771108230,2922643802013776,716.711,9201.604,30905.546,40823.861,563028,3
173,100um_neg,-1,563029,583029,2922643879666653,2922643880750756,2922643889787506,2922643922775027,1084.103,9036.75,32987.521,43108.374,563028,1
174,100um_neg,-1,563031,583031,2922644003255198,2922644003993901,2922644013291461,2922644045105747,738.703,9297.56,31814.286,41850.549,563029,2
175,100um_neg,-1,563031,583031,2922644121812639,2922644122532258,2922644131872065,2922644161664120,719.619,9339.807,29792.055,39851.481,563029,2
176,100um_neg,-1,563031,583031,2922644239811000,2922644240550587,2922644249831886,2922644283290747,739.587,9281.299,33458.861,43479.747,563030,1
177,100um_neg,-1,563031,583031,2922644360169834,2922644360906948,2922644377435356,2922644402567065,737.114,16528.408,25131.709,42397.231,563029,2
178,100um_neg,-1,563030,583030,2922644485069727,2922644485782013,2922644495163094,2922644525188278,712.286,9381.081,30025.184,40118.551,563028,2
179,100um_neg,-1,563031,583031,2922644602715786,2922644603451449,2922644619728388,2922644647254046,735.663,16276.939,27525.658,44538.26,563029,2
180,100um_neg,-1,563030,583030,2922644725916652,2922644727013765,2922644736088213,2922644767830495,1097.113,9074.448,31742.282,41913.843,563028,2
181,100um_neg,-1,563030,583030,2922644848586760,2922644849324633,2922644858749322,2922644889566002,737.873,9424.689,30816.68,40979.242,563029,1
182,100um_neg,-1,563030,583030,2922644967416966,2922644968156580,2922644977497411,2922645014134944,739.614,9340.831,36637.533,46717.978,563028,2
183,100um_neg,-1,563030,583030,2922645093071544,2922645093800002,2922645110207293,2922645136474330,728.458,16407.291,26267.037,43402.786,563028,2
184,100um_neg,-1,563030,583030,2922645215654564,2922645216383069,2922645225684678,2922645261555371,728.505,9301.609,35870.693,45900.807,563029,1
185,100um_neg,-1,563031,583031,2922645337458070,2922645338181933,2922645347328895,2922645383829852,723.863,9146.962,36500.957,46371.782,563029,2
186,100um_neg,-1,563030,583030,2922645458937719,2922645459631668,2922645475683271,2922645504554619,693.949,16051.603,28871.348,45616.9,563028,2
187,100um_neg,-1,563031,583031,2922645587564411,2922645588283736,2922645597437748,2922645631233623,719.325,9154.012,33795.875,43669.212,563029,2
188,100um_neg,-1,563030,583030,2922645711663467,2922645712406927,2922645721806439,2922645755079459,743.46,9399.512,33273.02,43415.992,563028,2
189,100um_neg,-1,563030,583030,2922645833219577,2922645833973050,2922645843205906,2922645878833498,753.473,9232.856,35627.592,45613.921,563029,1
190,100um_neg,-1,563030,583030,2922645957751912,2922645958474802,2922645967787862,2922646003211131,722.89,9313.06,35423.269,45459.219,563029,1
191,100um_neg,-1,563030,583030,2922646083812284,2922646084528500,2922646100708115,2922646126036956,716.216,16179.615,25328.841,42224.672,563028,2
192,100um_neg,-1,563031,583031,2922646208665420,2922646209405494,2922646218726812,2922646250453687,740.074,9321.318,31726.875,41788.267,563030,1
193,100um_neg,-1,563030,583030,2922646331911270,2922646332655126,2922646341848299,2922646375368318,743.856,9193.173,33520.019,43457.048,563029,1
194,100um_neg,-1,563031,583031,2922646453315143,2922646454057422,2922646463496444,2922646499849126,742.279,9439.022,36352.682,46533.983,563030,1
195,100um_neg,-1,563030,583030,2922646578190919,2922646578884528,2922646588163699,2922646623556679,693.609,9279.171,35392.98,45365.76,563029,1
196,100um_neg,-1,563029,583029,2922646705540415,2922646706260180,2922646722724999,2922646748578220,719.765,16464.819,25853.221,43037.805,563027,2
197,100um_neg,-1,563031,583031,2922646827292540,2922646828020935,2922646837225453,2922646870289343,728.395,9204.518,33063.89,42996.803,563029,2
198,100um_neg,-1,563030,583030,2922646951187281,2922646951900897,2922646961183157,2922646993828503,713.616,9282.26,32645.346,42641.222,563028,2
199,100um_neg,-1,563030,583030,2922647072937349,2922647073674887,2922647082973293,2922647115600155,737.538,9298.406,32626.862,42662.806,563029,1
200,1000um_pos,1,783031,583031,2922647197911783,2922647198678174,2922647240847988,2922647275095974,766.391,42169.814,34247.986,77184.191,783033,2
201,1000um_pos,1,783027,583027,2922647418358768,2922647419098003,2922647462786679,2922647496766493,739.235,43688.676,33979.814,78407.725,783027,0
202,1000um_pos,1,783027,583027,2922647637685338,2922647638400569,2922647681905420,2922647715061055,715.231,43504.851,33155.635,77375.717,783029,2
203,1000um_pos,1,783027,583027,2922647856684313,2922647857401147,2922647900679031,2922647935159105,716.834,43277.884,34480.074,78474.792,783028,1
204,1000um_pos,1,783028,583028,2922648077187874,2922648077921698,2922648102995807,2922648155910992,733.824,25074.109,52915.185,78723.118,783030,2
205,1000um_pos,1,783027,583027,2922648295810844,2922648296545273,2922648321555968,2922648375889360,734.429,25010.695,54333.392,80078.516,783029,2
206,1000um_pos,1,783027,583027,2922648518332321,2922648519088091,2922648543952674,2922648596933273,755.77,24864.583,52980.599,78600.952,783027,0
207,1000um_pos,1,783028,583028,2922648736559544,2922648737278398,2922648762166516,2922648816683937,718.854,24888.118,54517.421,80124.393,783029,1
208,1000um_pos,1,783026,583026,2922648955231337,2922648955965719,2922648999971343,2922649033460758,734.382,44005.624,33489.415,78229.421,783028,2
209,1000um_pos,1,783027,583027,2922649175049433,2922649175776532,2922649200704070,2922649254092414,727.099,24927.538,53388.344,79042.981,783028,1
210,1000um_pos,1,783028,583028,2922649397047520,2922649397754986,2922649441703776,2922649474514721,707.466,43948.79,32810.945,77467.201,783028,0
211,1000um_pos,1,783028,583028,2922649617210649,2922649617905145,2922649642874121,2922649695952053,694.496,24968.976,53077.932,78741.404,783029,1
212,1000um_pos,1,783027,583027,2922649838539736,2922649839286683,2922649882868215,2922649916891225,746.947,43581.532,34023.01,78351.489,783029,2
213,1000um_pos,1,783026,583026,2922650058685682,2922650059443934,2922650103308415,2922650137348425,758.252,43864.481,34040.01,78662.743,783027,1
214,1000um_pos,1,783027,583027,2922650280539964,2922650281256964,2922650306191384,2922650359201749,717.0,24934.42,53010.365,78661.785,783028,1
215,1000um_pos,1,783028,583028,2922650501538038,2922650502280147,2922650527249852,2922650579062476,742.109,24969.705,51812.624,77524.438,783027,1
216,1000um_pos,1,783027,583027,2922650721411961,2922650722510124,2922650765426592,2922650798679821,1098.163,42916.468,33253.229,77267.86,783027,0
217,1000um_pos,1,783029,583029,2922650939661265,2922650940403376,2922650982676459,2922651016992848,742.111,42273.083,34316.389,77331.583,783032,3
218,1000um_pos,1,783027,583027,2922651159539513,2922651160642438,2922651201767038,2922651234745808,1102.925,41124.6,32978.77,75206.295,783027,0
219,1000um_pos,1,783027,583027,2922651376311553,2922651377039648,2922651401971059,2922651453927567,728.095,24931.411,51956.508,77616.014,783028,1
220,1000um_pos,1,783027,583027,2922651594168065,2922651594880749,2922651619742948,2922651672969032,712.684,24862.199,53226.084,78800.967,783029,2
221,1000um_pos,1,783028,583028,2922651814334917,2922651815052298,2922651839825652,2922651892620369,717.381,24773.354,52794.717,78285.452,783029,1
222,1000um_pos,1,783028,583028,2922652035723322,2922652036441323,2922652080721071,2922652115432812,718.001,44279.748,34711.741,79709.49,783029,1
223,1000um_pos,1,783027,583027,2922652255746158,2922652256468823,2922652300223777,2922652334468390,722.665,43754.954,34244.613,78722.232,783028,1
224,1000um_pos,1,783027,583027,2922652477120938,2922652477813195,2922652520328869,2922652554937993,692.257,42515.674,34609.124,77817.055,783028,1
225,1000um_pos,1,783026,583026,2922652695091476,2922652695817359,2922652737431560,2922652772699266,725.883,41614.201,35267.706,77607.79,783027,1
226,1000um_pos,1,783027,583027,2922652914121498,2922652914900154,2922652954410504,2922652989224521,778.656,39510.35,34814.017,75103.023,783029,2
227,1000um_pos,1,783027,583027,2922653134929560,2922653135670450,2922653160809064,2922653211179465,740.89,25138.614,50370.401,76249.905,783026,1
228,1000um_pos,1,783027,583027,2922653352449303,2922653353172489,2922653378154368,2922653429798193,723.186,24981.879,51643.825,77348.89,783027,0
229,1000um_pos,1,783027,583027,2922653572107652,2922653572838594,2922653615017073,2922653649429910,730.942,42178.479,34412.837,77322.258,783029,2
230,1000um_pos,1,783027,583027,2922653791559814,2922653792276828,2922653834348352,2922653869783183,717.014,42071.524,35434.831,78223.369,783027,0
231,1000um_pos,1,783028,583028,2922654010705240,2922654011555621,2922654036445040,2922654089423780,850.381,24889.419,52978.74,78718.54,783031,3
232,1000um_pos,1,783026,583026,2922654230659453,2922654231778025,2922654273967637,2922654311219411,1118.572,42189.612,37251.774,80559.958,783026,0
233,1000um_pos,1,783026,583026,2922654452847637,2922654453586872,2922654496059775,2922654530862308,739.235,42472.903,34802.533,78014.671,783027,1
234,1000um_pos,1,783026,583026,2922654673288349,2922654674011094,2922654698992007,2922654750983245,722.745,24980.913,51991.238,77694.896,783029,3
235,1000um_pos,1,783024,583024,2922654889909433,2922654890629068,2922654933095037,2922654968094133,719.635,42465.969,34999.096,78184.7,783024,0
236,1000um_pos,1,783027,583027,2922655111533855,2922655112275578,2922655155025785,2922655189902997,741.723,42750.207,34877.212,78369.142,783029,2
237,1000um_pos,1,783027,583027,2922655332428807,2922655333154282,2922655358175254,2922655411623401,725.475,25020.972,53448.147,79194.594,783026,1
238,1000um_pos,1,783028,583028,2922655553317205,2922655554057403,2922655579122250,2922655642242768,740.198,25064.847,63120.518,88925.563,783031,3
239,1000um_pos,1,783025,583025,2922655787703442,2922655788440531,2922655831432290,2922655864905547,737.089,42991.759,33473.257,77202.105,783025,0
240,1000um_pos,1,783028,583028,2922656008844489,2922656009562340,2922656052421586,2922656087944357,717.851,42859.246,35522.771,79099.868,783029,1
241,1000um_pos,1,783026,583026,2922656227285818,2922656227999148,2922656270221750,2922656305262205,713.33,42222.602,35040.455,77976.387,783026,0
242,1000um_pos,1,783026,583026,2922656447847871,2922656448565468,2922656491245405,2922656526699066,717.597,42679.937,35453.661,78851.195,783028,2
243,1000um_pos,1,783027,583027,2922656665973400,2922656666731983,2922656709492001,2922656745154084,758.583,42760.018,35662.083,79180.684,783029,2
244,1000um_pos,1,783027,583027,2922656886201161,2922656887319563,2922656911899939,2922656964400866,1118.402,24580.376,52500.927,78199.705,783029,2
245,1000um_pos,1,783028,583028,2922657108181514,2922657108897153,2922657133909496,2922657187785157,715.639,25012.343,53875.661,79603.643,783029,1
246,1000um_pos,1,783025,583025,2922657329824469,2922657330606184,2922657373510248,2922657406780382,781.715,42904.064,33270.134,76955.913,783023,2
247,1000um_pos,1,783028,583028,2922657549328877,2922657550060552,2922657575035147,2922657627658515,731.675,24974.595,52623.368,78329.638,783030,2
248,1000um_pos,1,783027,583027,2922657767044503,2922657767792270,2922657810615415,2922657846321702,747.767,42823.145,35706.287,79277.199,783028,1
249,1000um_pos,1,783028,583028,2922657986840909,2922657987560844,2922658029836432,2922658064198065,719.935,42275.588,34361.633,77357.156,783029,1
250,1000um_pos,1,783027,583027,2922658208174598,2922658208891714,2922658252054971,2922658287363547,717.116,43163.257,35308.576,79188.949,783030,3
251,1000um_pos,1,783027,583027,2922658428986574,2922658429683895,2922658472714300,2922658507035184,697.321,43030.405,34320.884,78048.61,783028,1
252,1000um_pos,1,783026,583026,2922658648904002,2922658650021282,2922658674651938,2922658728361084,1117.28,24630.656,53709.146,79457.082,783026,0
253,1000um_pos,1,783027,583027,2922658871526060,2922658872269838,2922658897277719,2922658951056026,743.778,25007.881,53778.307,79529.966,783030,3
254,1000um_pos,1,783028,583028,2922659090551774,2922659091290125,2922659116361992,2922659168885895,738.351,25071.867,52523.903,78334.121,783029,1
255,1000um_pos,1,783027,583027,2922659312201007,2922659312934967,2922659355466224,2922659389506427,733.96,42531.257,34040.203,77305.42,783027,0
256,1000um_pos,1,783026,583026,2922659529696200,2922659530437385,2922659573617305,2922659609171771,741.185,43179.92,35554.466,79475.571,783027,1
257,1000um_pos,1,783027,583027,2922659754677006,2922659755416388,2922659798052679,2922659833671182,739.382,42636.291,35618.503,78994.176,783028,1
258,1000um_pos,1,783027,583027,2922659981900643,2922659982617981,2922660026033093,2922660060554137,717.338,43415.112,34521.044,78653.494,783028,1
259,1000um_pos,1,783027,583027,2922660208445064,2922660209186839,2922660252297667,2922660287146785,741.775,43110.828,34849.118,78701.721,783026,1
260,1000um_pos,1,783027,583027,2922660429161158,2922660429892784,2922660454961702,2922660506807881,731.626,25068.918,51846.179,77646.723,783029,2
261,1000um_pos,1,783027,583027,2922660649989592,2922660650766807,2922660675838208,2922660730051123,777.215,25071.401,54212.915,80061.531,783029,2
262,1000um_pos,1,783028,583028,2922660869902511,2922660870619011,2922660895667968,2922660949329158,716.5,25048.957,53661.19,79426.647,783031,3
263,1000um_pos,1,783027,583027,2922661091281612,2922661091993942,2922661117174647,2922661170585287,712.33,25180.705,53410.64,79303.675,783027,0
264,1000um_pos,1,783026,583026,2922661315799483,2922661316515051,2922661359958481,2922661394690276,715.568,43443.43,34731.795,78890.793,783026,0
265,1000um_pos,1,783028,583028,2922661537945068,2922661538639146,2922661581472678,2922661617052790,694.078,42833.532,35580.112,79107.722,783028,0
266,1000um_pos,1,783027,583027,2922661758281269,2922661758991195,2922661802604514,2922661836957957,709.926,43613.319,34353.443,78676.688,783028,1
267,1000um_pos,1,783028,583028,2922661977775826,2922661978496984,2922662022150774,2922662056566570,721.158,43653.79,34415.796,78790.744,783030,2
268,1000um_pos,1,783027,583027,2922662195344138,2922662196058776,2922662221133054,2922662275133423,714.638,25074.278,54000.369,79789.285,783027,0
269,1000um_pos,1,783027,583027,2922662415522357,2922662416269573,2922662441440338,2922662495687480,747.216,25170.765,54247.142,80165.123,783027,0
270,1000um_pos,1,783026,583026,2922662634403171,2922662635141887,2922662679770830,2922662714421210,738.716,44628.943,34650.38,80018.039,783025,1
271,1000um_pos,1,783026,583026,2922662854779166,2922662855515368,2922662880669802,2922662934189888,736.202,25154.434,53520.086,79410.722,783026,0
272,1000um_pos,1,783026,583026,2922663074668841,2922663075412683,2922663120052725,2922663155212080,743.842,44640.042,35159.355,80543.239,783027,1
273,1000um_pos,1,783027,583027,2922663298172815,2922663298910572,2922663343586317,2922663378562046,737.757,44675.745,34975.729,80389.231,783027,0
274,1000um_pos,1,783027,583027,2922663518297770,2922663519020746,2922663564014095,2922663599069846,722.976,44993.349,35055.751,80772.076,783028,1
275,1000um_pos,1,783028,583028,2922663740443548,2922663741189643,2922663766297548,2922663821584341,746.095,25107.905,55286.793,81140.793,783028,0
276,1000um_pos,1,783025,583025,2922663966340529,2922663967093406,2922664011741606,2922664046417154,752.877,44648.2,34675.548,80076.625,783025,0
277,1000um_pos,1,783026,583026,2922664188419077,2922664189182826,2922664234108246,2922664268336575,763.749,44925.42,34228.329,79917.498,783026,0
278,1000um_pos,1,783027,583027,2922664411297975,2922664412059317,2922664437189984,2922664491832583,761.342,25130.667,54642.599,80534.608,783027,0
279,1000um_pos,1,783027,583027,2922664632547824,2922664633266659,2922664678540901,2922664712188960,718.835,45274.242,33648.059,79641.136,783028,1
280,1000um_pos,1,783027,583027,2922664854525687,2922664855264715,2922664899687273,2922664933561946,739.028,44422.558,33874.673,79036.259,783028,1
281,1000um_pos,1,783028,583028,2922665076420089,2922665077140205,2922665121477503,2922665155441150,720.116,44337.298,33963.647,79021.061,783030,2
282,1000um_pos,1,783027,583027,2922665296400891,2922665297160048,2922665322273668,2922665376813672,759.157,25113.62,54540.004,80412.781,783029,2
283,1000um_pos,1,783027,583027,2922665519058183,2922665520169583,2922665544917005,2922665599199098,1111.4,24747.422,54282.093,80140.915,783027,0
284,1000um_pos,1,783028,583028,2922665739943988,2922665740681687,2922665785792242,2922665819342809,737.699,45110.555,33550.567,79398.821,783027,1
285,1000um_pos,1,783026,583026,2922665960646771,2922665961385400,2922665986563155,2922666040709902,738.629,25177.755,54146.747,80063.131,783027,1
286,1000um_pos,1,783027,583027,2922666184215463,2922666185294512,2922666229709419,2922666264393961,1079.049,44414.907,34684.542,80178.498,783027,0
287,1000um_pos,1,783027,583027,2922666404833424,2922666405913567,2922666430789050,2922666485066979,1080.143,24875.483,54277.929,80233.555,783029,2
288,1000um_pos,1,783027,583027,2922666625051406,2922666625780046,2922666650953722,2922666706293285,728.64,25173.676,55339.563,81241.879,783027,0
289,1000um_pos,1,783025,583025,2922666848647304,2922666849408332,2922666874599771,2922666927166309,761.028,25191.439,52566.538,78519.005,783025,0
290,1000um_pos,1,783026,583026,2922667066665765,2922667067384230,2922667112638019,2922667147957129,718.465,45253.789,35319.11,81291.364,783027,1
291,1000um_pos,1,783029,583029,2922667288058737,2922667288781255,2922667314051147,2922667367478727,722.518,25269.892,53427.58,79419.99,783031,2
292,1000um_pos,1,783027,583027,2922667511647545,2922667512766569,2922667537627823,2922667592786056,1119.024,24861.254,55158.233,81138.511,783027,0
293,1000um_pos,1,783027,583027,2922667732920408,2922667733613856,2922667758828365,2922667814205173,693.448,25214.509,55376.808,81284.765,783027,0
294,1000um_pos,1,783026,583026,2922667959271315,2922667960023876,2922668005457394,2922668038935779,752.561,45433.518,33478.385,79664.464,783025,1
295,1000um_pos,1,783027,583027,2922668180521228,2922668181601641,2922668225975971,2922668259857374,1080.413,44374.33,33881.403,79336.146,783027,0
296,1000um_pos,1,783028,583028,2922668401439941,2922668402180554,2922668447332782,2922668480956462,740.613,45152.228,33623.68,79516.521,783027,1
297,1000um_pos,1,783027,583027,2922668624415368,2922668625120576,2922668670433522,2922668704162795,705.208,45312.946,33729.273,79747.427,783026,1
298,1000um_pos,1,783026,583026,2922668843834694,2922668844548940,2922668869783942,2922668925048579,714.246,25235.002,55264.637,81213.885,783026,0
299,1000um_pos,1,783026,583026,2922669069172228,2922669070248011,2922669115185058,2922669149539106,1075.783,44937.047,34354.048,80366.878,783025,1
300,1000um_neg,-1,383026,583026,2922669291901044,2922669292615267,2922669333015066,2922669368977489,714.223,40399.799,35962.423,77076.445,383026,0
301,1000um_neg,-1,383030,583030,2922669510862574,2922669511601308,2922669551727540,2922669586433823,738.734,40126.232,34706.283,75571.249,383031,1
302,1000um_neg,-1,383029,583029,2922669730048989,2922669730776637,2922669770412920,2922669804184038,727.648,39636.283,33771.118,74135.049,383029,0
303,1000um_neg,-1,383028,583028,2922669952046716,2922669952736706,2922669992804384,2922670027065834,689.99,40067.678,34261.45,75019.118,383028,0
304,1000um_neg,-1,383028,583028,2922670173645185,2922670174382561,2922670199267286,2922670248309989,737.376,24884.725,49042.703,74664.804,383028,0
305,1000um_neg,-1,383029,583029,2922670394027452,2922670394757352,2922670419704401,2922670469851225,729.9,24947.049,50146.824,75823.773,383030,1
306,1000um_neg,-1,383029,583029,2922670612437985,2922670613175690,2922670638046881,2922670689640931,737.705,24871.191,51594.05,77202.946,383028,1
307,1000um_neg,-1,383030,583030,2922670833539164,2922670834257393,2922670859225850,2922670909246234,718.229,24968.457,50020.384,75707.07,383028,2
308,1000um_neg,-1,383031,583031,2922671052671574,2922671053407876,2922671094521451,2922671128497335,736.302,41113.575,33975.884,75825.761,383031,0
309,1000um_neg,-1,383027,583027,2922671270480506,2922671271198417,2922671311934272,2922671346169038,717.911,40735.855,34234.766,75688.532,383028,1
310,1000um_neg,-1,383029,583029,2922671489833955,2922671490593180,2922671531454264,2922671566394145,759.225,40861.084,34939.881,76560.19,383030,1
311,1000um_neg,-1,383029,583029,2922671711318143,2922671712021270,2922671752973328,2922671787162069,703.127,40952.058,34188.741,75843.926,383028,1
312,1000um_neg,-1,383029,583029,2922671928911930,2922671929632642,2922671954577947,2922672005469537,720.712,24945.305,50891.59,76557.607,383028,1
313,1000um_neg,-1,383029,583029,2922672151439418,2922672152179505,2922672177098207,2922672227255593,740.087,24918.702,50157.386,75816.175,383029,0
314,1000um_neg,-1,383028,583028,2922672368517379,2922672369257792,2922672410064803,2922672445211782,740.413,40807.011,35146.979,76694.403,383028,0
315,1000um_neg,-1,383028,583028,2922672587058828,2922672587801900,2922672628391205,2922672663812528,743.072,40589.305,35421.323,76753.7,383025,3
316,1000um_neg,-1,383026,583026,2922672805037038,2922672805800420,2922672846682898,2922672880183444,763.382,40882.478,33500.546,75146.406,383025,1
317,1000um_neg,-1,383028,583028,2922673022768178,2922673023508359,2922673063619247,2922673100358045,740.181,40110.888,36738.798,77589.867,383026,2
318,1000um_neg,-1,383029,583029,2922673241810076,2922673242524777,2922673267349159,2922673317534397,714.701,24824.382,50185.238,75724.321,383028,1
319,1000um_neg,-1,383031,583031,2922673460436389,2922673461513838,2922673501063237,2922673536448718,1077.449,39549.399,35385.481,76012.329,383030,1
320,1000um_neg,-1,383029,583029,2922673677537860,2922673678259846,2922673703140137,2922673754065307,721.986,24880.291,50925.17,76527.447,383030,1
321,1000um_neg,-1,383027,583027,2922673897163830,2922673897860821,2922673939368938,2922673975287408,696.991,41508.117,35918.47,78123.578,383025,2
322,1000um_neg,-1,383030,583030,2922674119643054,2922674120380585,2922674145326220,2922674198228610,737.531,24945.635,52902.39,78585.556,383030,0
323,1000um_neg,-1,383027,583027,2922674337915064,2922674338631795,2922674363677925,2922674413307269,716.731,25046.13,49629.344,75392.205,383027,0
324,1000um_neg,-1,383029,583029,2922674556439975,2922674557155033,2922674597957628,2922674633203709,715.058,40802.595,35246.081,76763.734,383027,2
325,1000um_neg,-1,383029,583029,2922674773267150,2922674774018099,2922674814370812,2922674849699775,750.949,40352.713,35328.963,76432.625,383028,1
326,1000um_neg,-1,383028,583028,2922674991911854,2922674992627877,2922675017555194,2922675069093870,716.023,24927.317,51538.676,77182.016,383029,1
327,1000um_neg,-1,383029,583029,2922675208435024,2922675209196078,2922675234200459,2922675287140285,761.054,25004.381,52939.826,78705.261,383027,2
328,1000um_neg,-1,383027,583027,2922675428703480,2922675429422589,2922675472426965,2922675507139145,719.109,43004.376,34712.18,78435.665,383026,1
329,1000um_neg,-1,383029,583029,2922675650894058,2922675651629800,2922675676596890,2922675730022658,735.742,24967.09,53425.768,79128.6,383028,1
330,1000um_neg,-1,383030,583030,2922675869788833,2922675870508915,2922675895388699,2922675949278763,720.082,24879.784,53890.064,79489.93,383029,1
331,1000um_neg,-1,383030,583030,2922676089290139,2922676090013674,2922676132596801,2922676169698256,723.535,42583.127,37101.455,80408.117,383027,3
332,1000um_neg,-1,383027,583027,2922676309539771,2922676310237794,2922676353991858,2922676388740543,698.023,43754.064,34748.685,79200.772,383024,3
333,1000um_neg,-1,383029,583029,2922676530516872,2922676531256677,2922676575014984,2922676610509956,739.805,43758.307,35494.972,79993.084,383028,1
334,1000um_neg,-1,383031,583031,2922676751434309,2922676752151480,2922676795801283,2922676830882339,717.171,43649.803,35081.056,79448.03,383031,0
335,1000um_neg,-1,383029,583029,2922676971657213,2922676972352667,2922677016322176,2922677052220618,695.454,43969.509,35898.442,80563.405,383027,2
336,1000um_neg,-1,383029,583029,2922677193063113,2922677193771422,2922677237529871,2922677272266129,708.309,43758.449,34736.258,79203.016,383029,0
337,1000um_neg,-1,383029,583029,2922677413781902,2922677414498302,2922677457551390,2922677493549647,716.4,43053.088,35998.257,79767.745,383027,2
338,1000um_neg,-1,383027,583027,2922677634045644,2922677634772878,2922677659618756,2922677714139933,727.234,24845.878,54521.177,80094.289,383026,1
339,1000um_neg,-1,383029,583029,2922677854532073,2922677855254015,2922677898102358,2922677932454921,721.942,42848.343,34352.563,77922.848,383028,1
340,1000um_neg,-1,383029,583029,2922678073830235,2922678074545405,2922678117880114,2922678154303524,715.17,43334.709,36423.41,80473.289,383029,0
341,1000um_neg,-1,383029,583029,2922678295721081,2922678296460593,2922678321322001,2922678374163268,739.512,24861.408,52841.267,78442.187,383029,0
342,1000um_neg,-1,383029,583029,2922678514413188,2922678515132427,2922678539947932,2922678595307373,719.239,24815.505,55359.441,80894.185,383027,2
343,1000um_neg,-1,383029,583029,2922678735952036,2922678736695020,2922678778407143,2922678813064063,742.984,41712.123,34656.92,77112.027,383027,2
344,1000um_neg,-1,383028,583028,2922678954340045,2922678955198641,2922678997629352,2922679033800406,858.596,42430.711,36171.054,79460.361,383026,2
345,1000um_neg,-1,383029,583029,2922679174429104,2922679175153100,2922679217282128,2922679252489147,723.996,42129.028,35207.019,78060.043,383028,1
346,1000um_neg,-1,383029,583029,2922679393826166,2922679394902918,2922679437175193,2922679472987733,1076.752,42272.275,35812.54,79161.567,383027,2
347,1000um_neg,-1,383030,583030,2922679612718631,2922679613496563,2922679655798094,2922679691298726,777.932,42301.531,35500.632,78580.095,383029,1
348,1000um_neg,-1,383028,583028,2922679830285990,2922679830998722,2922679873735768,2922679907944592,712.732,42737.046,34208.824,77658.602,383027,1
349,1000um_neg,-1,383028,583028,2922680046823315,2922680047563949,2922680090302271,2922680126653103,740.634,42738.322,36350.832,79829.788,383026,2
350,1000um_neg,-1,383028,583028,2922680267374808,2922680268105337,2922680310574571,2922680346199315,730.529,42469.234,35624.744,78824.507,383026,2
351,1000um_neg,-1,383030,583030,2922680486532750,2922680487654504,2922680529696413,2922680564819446,1121.754,42041.909,35123.033,78286.696,383029,1
352,1000um_neg,-1,383028,583028,2922680704783002,2922680705501704,2922680747652053,2922680783406454,718.702,42150.349,35754.401,78623.452,383027,1
353,1000um_neg,-1,383028,583028,2922680925409722,2922680926127854,2922680968133501,2922681003404902,718.132,42005.647,35271.401,77995.18,383027,1
354,1000um_neg,-1,383030,583030,2922681144803697,2922681145521319,2922681187068009,2922681222013350,717.622,41546.69,34945.341,77209.653,383028,2
355,1000um_neg,-1,383028,583028,2922681361884015,2922681362599761,2922681404428139,2922681439945373,715.746,41828.378,35517.234,78061.358,383027,1
356,1000um_neg,-1,383028,583028,2922681581884377,2922681582603039,2922681624283054,2922681660059223,718.662,41680.015,35776.169,78174.846,383026,2
357,1000um_neg,-1,383027,583027,2922681801180584,2922681801913979,2922681843617344,2922681879034500,733.395,41703.365,35417.156,77853.916,383027,0
358,1000um_neg,-1,383029,583029,2922682018885427,2922682019969163,2922682061945819,2922682097591142,1083.736,41976.656,35645.323,78705.715,383026,3
359,1000um_neg,-1,383028,583028,2922682238848693,2922682239567197,2922682281596476,2922682316924603,718.504,42029.279,35328.127,78075.91,383028,0
360,1000um_neg,-1,383028,583028,2922682456141261,2922682456853211,2922682498798184,2922682534569153,711.95,41944.973,35770.969,78427.892,383027,1
361,1000um_neg,-1,383029,583029,2922682675532265,2922682676250936,2922682718280433,2922682754217717,718.671,42029.497,35937.284,78685.452,383029,0
362,1000um_neg,-1,383028,583028,2922682892199400,2922682892932816,2922682917911935,2922682971150852,733.416,24979.119,53238.917,78951.452,383026,2
363,1000um_neg,-1,383027,583027,2922683111720726,2922683112844889,2922683154257569,2922683190295212,1124.163,41412.68,36037.643,78574.486,383025,2
364,1000um_neg,-1,383028,583028,2922683329926486,2922683330643082,2922683372422797,2922683408012167,716.596,41779.715,35589.37,78085.681,383026,2
365,1000um_neg,-1,383027,583027,2922683549636044,2922683550393725,2922683592108575,2922683645034606,757.681,41714.85,52926.031,95398.562,383027,0
366,1000um_neg,-1,383029,583029,2922683793384616,2922683794122700,2922683836342121,2922683872544899,738.084,42219.421,36202.778,79160.283,383029,0
367,1000um_neg,-1,383030,583030,2922684016428143,2922684017503847,2922684058919431,2922684094443517,1075.704,41415.584,35524.086,78015.374,383029,1
368,1000um_neg,-1,383029,583029,2922684234453593,2922684235162324,2922684277035090,2922684312091785,708.731,41872.766,35056.695,77638.192,383031,2
369,1000um_neg,-1,383028,583028,2922684453631692,2922684454349559,2922684479423339,2922684532254452,717.867,25073.78,52831.113,78622.76,383026,2
370,1000um_neg,-1,383029,583029,2922684674696508,2922684675453418,2922684700401251,2922684751898060,756.91,24947.833,51496.809,77201.552,383029,0
371,1000um_neg,-1,383029,583029,2922684892103375,2922684892869686,2922684935053790,2922684970338456,766.311,42184.104,35284.666,78235.081,383028,1
372,1000um_neg,-1,383029,583029,2922685111720051,2922685112437023,2922685137473243,2922685191218535,716.972,25036.22,53745.292,79498.484,383028,1
373,1000um_neg,-1,383028,583028,2922685333403223,2922685334119991,2922685359149262,2922685411335212,716.768,25029.271,52185.95,77931.989,383028,0
374,1000um_neg,-1,383028,583028,2922685552798190,2922685553517936,2922685578487957,2922685632063698,719.746,24970.021,53575.741,79265.508,383026,2
375,1000um_neg,-1,383028,583028,2922685773424697,2922685774143740,2922685816132134,2922685852585823,719.043,41988.394,36453.689,79161.126,383026,2
376,1000um_neg,-1,383027,583027,2922685991923448,2922685992663307,2922686034419513,2922686084522211,739.859,41756.206,50102.698,92598.763,383026,1
377,1000um_neg,-1,383030,583030,2922686230629472,2922686231369926,2922686256458649,2922686309236171,740.454,25088.723,52777.522,78606.699,383031,1
378,1000um_neg,-1,383030,583030,2922686448401372,2922686449124658,2922686491407980,2922686527814709,723.286,42283.322,36406.729,79413.337,383029,1
379,1000um_neg,-1,383028,583028,2922686668093417,2922686668785315,2922686711131126,2922686746031258,691.898,42345.811,34900.132,77937.841,383027,1
380,1000um_neg,-1,383028,583028,2922686887360561,2922686888099037,2922686912999304,2922686966125763,738.476,24900.267,53126.459,78765.202,383028,0
381,1000um_neg,-1,383029,583029,2922687107323741,2922687108045068,2922687150152948,2922687186440068,721.327,42107.88,36287.12,79116.327,383028,1
382,1000um_neg,-1,383029,583029,2922687327400522,2922687328145228,2922687369588353,2922687405240431,744.706,41443.125,35652.078,77839.909,383029,0
383,1000um_neg,-1,383029,583029,2922687547423187,2922687548161144,2922687573090727,2922687625751988,737.957,24929.583,52661.261,78328.801,383028,1
384,1000um_neg,-1,383028,583028,2922687766401732,2922687767100180,2922687792012959,2922687845709358,698.448,24912.779,53696.399,79307.626,383027,1
385,1000um_neg,-1,383029,583029,2922687985693668,2922687986432583,2922688027522170,2922688064714146,738.915,41089.587,37191.976,79020.478,383027,2
386,1000um_neg,-1,383028,583028,2922688204324068,2922688205027101,2922688246091875,2922688284015938,703.033,41064.774,37924.063,79691.87,383027,1
387,1000um_neg,-1,383029,583029,2922688423156926,2922688423854026,2922688448794049,2922688501134334,697.1,24940.023,52340.285,77977.408,383029,0
388,1000um_neg,-1,383029,583029,2922688642655491,2922688643392108,2922688684980415,2922688721900708,736.617,41588.307,36920.293,79245.217,383028,1
389,1000um_neg,-1,383028,583028,2922688861279152,2922688862034625,2922688886957510,2922688940522996,755.473,24922.885,53565.486,79243.844,383025,3
390,1000um_neg,-1,383029,583029,2922689079791901,2922689080510251,2922689122270785,2922689157765676,718.35,41760.534,35494.891,77973.775,383028,1
391,1000um_neg,-1,383028,583028,2922689299276290,2922689300026476,2922689325046267,2922689378245882,750.186,25019.791,53199.615,78969.592,383027,1
392,1000um_neg,-1,383028,583028,2922689519628159,2922689520726108,2922689562146288,2922689598164104,1097.949,41420.18,36017.816,78535.945,383027,1
393,1000um_neg,-1,383029,583029,2922689739297659,2922689740023028,2922689782025110,2922689817807018,725.369,42002.082,35781.908,78509.359,383027,2
394,1000um_neg,-1,383028,583028,2922689958395546,2922689959092822,2922690001271477,2922690036890173,697.276,42178.655,35618.696,78494.627,383026,2
395,1000um_neg,-1,383029,583029,2922690177506464,2922690178222848,2922690203144394,2922690256992945,716.384,24921.546,53848.551,79486.481,383028,1
396,1000um_neg,-1,383029,583029,2922690397151232,2922690397865713,2922690422891993,2922690475389236,714.481,25026.28,52497.243,78238.004,383028,1
397,1000um_neg,-1,383029,583029,2922690615377450,2922690616098644,2922690658686386,2922690693499569,721.194,42587.742,34813.183,78122.119,383028,1
398,1000um_neg,-1,383030,583030,2922690834254654,2922690834965675,2922690876956283,2922690913702913,711.021,41990.608,36746.63,79448.259,383029,1
399,1000um_neg,-1,383027,583027,2922691056879798,2922691057979469,2922691082520609,2922691135206969,1099.671,24541.14,52686.36,78327.171,383026,1
400,4000um_pos,1,824026,24026,2922691326899336,2922691327636821,2922691403292352,2922691453666159,737.485,75655.531,50373.807,126766.823,824026,0
401,4000um_pos,1,824026,24026,2922691745320000,2922691746042945,2922691820889813,2922691870146540,722.945,74846.868,49256.727,124826.54,824024,2
402,4000um_pos,1,824027,24027,2922692163775666,2922692164512634,2922692216515534,2922692288745194,736.968,52002.9,72229.66,124969.528,824025,2
403,4000um_pos,1,824026,24026,2922692583810301,2922692584531723,2922692663829637,2922692711269413,721.422,79297.914,47439.776,127459.112,824025,1
404,4000um_pos,1,824027,24027,2922693003418802,2922693004139602,2922693081581880,2922693131153212,720.8,77442.278,49571.332,127734.41,824025,2
405,4000um_pos,1,824027,24027,2922693423671191,2922693424408758,2922693501187834,2922693549878428,737.567,76779.076,48690.594,126207.237,824025,2
406,4000um_pos,1,824027,24027,2922693841775247,2922693842468593,2922693894474703,2922693970025937,693.346,52006.11,75551.234,128250.69,824026,1
407,4000um_pos,1,824029,24029,2922694262893733,2922694263589302,2922694343273376,2922694392639194,695.569,79684.074,49365.818,129745.461,824029,0
408,4000um_pos,1,824027,24027,2922694684147362,2922694684863192,2922694763493675,2922694812574174,715.83,78630.483,49080.499,128426.812,824026,1
409,4000um_pos,1,824026,24026,2922695102255077,2922695102964415,2922695182045379,2922695229234135,709.338,79080.964,47188.756,126979.058,824025,1
410,4000um_pos,1,824026,24026,2922695524498509,2922695525217019,2922695577267015,2922695654433666,718.51,52049.996,77166.651,129935.157,824026,0
411,4000um_pos,1,824027,24027,2922695949064343,2922695949827273,2922696028414039,2922696076933250,762.93,78586.766,48519.211,127868.907,824026,1
412,4000um_pos,1,824028,24028,2922696368544065,2922696369260689,2922696448231178,2922696497807009,716.624,78970.489,49575.831,129262.944,824026,2
413,4000um_pos,1,824027,24027,2922696791256274,2922696791965046,2922696867082069,2922696920264767,708.772,75117.023,53182.698,129008.493,824026,1
414,4000um_pos,1,824026,24026,2922697213026954,2922697213712820,2922697291411757,2922697340824420,685.866,77698.937,49412.663,127797.466,824025,1
415,4000um_pos,1,824027,24027,2922697631871575,2922697632591805,2922697684577687,2922697761331276,720.23,51985.882,76753.589,129459.701,824027,0
416,4000um_pos,1,824027,24027,2922698054666821,2922698055398714,2922698132884371,2922698181344401,731.893,77485.657,48460.03,126677.58,824025,2
417,4000um_pos,1,824027,24027,2922698473889262,2922698474588357,2922698552697774,2922698603724861,699.095,78109.417,51027.087,129835.599,824027,0
418,4000um_pos,1,824026,24026,2922698898936781,2922698899651605,2922698979137866,2922699027535236,714.824,79486.261,48397.37,128598.455,824025,1
419,4000um_pos,1,824027,24027,2922699319618382,2922699320339762,2922699400156170,2922699445844967,721.38,79816.408,45688.797,126226.585,824025,2
420,4000um_pos,1,824026,24026,2922699741069096,2922699741794673,2922699821428099,2922699871511373,725.577,79633.426,50083.274,130442.277,824026,0
421,4000um_pos,1,824028,24028,2922700163514313,2922700164214509,2922700243635744,2922700293180291,700.196,79421.235,49544.547,129665.978,824028,0
422,4000um_pos,1,824027,24027,2922700587855050,2922700588866602,2922700670990283,2922700718785340,1011.552,82123.681,47795.057,130930.29,824027,0
423,4000um_pos,1,824026,24026,2922701007515149,2922701008232201,2922701086204635,2922701136781369,717.052,77972.434,50576.734,129266.22,824024,2
424,4000um_pos,1,824027,24027,2922701428739766,,,,nan,nan,nan,nan,24028,799999
425,4000um_pos,1,824027,24027,2922701569994387,2922701570729102,2922701622630430,2922701698348652,734.715,51901.328,75718.222,128354.265,824026,1
426,4000um_pos,1,824027,24027,2922701990766508,2922701991503888,2922702068843500,2922702116259534,737.38,77339.612,47416.034,125493.026,824025,2
427,4000um_pos,1,824027,24027,2922702409388579,2922702410106060,2922702487263964,2922702536198861,717.481,77157.904,48934.897,126810.282,824026,1
428,4000um_pos,1,824027,24027,2922702833139875,2922702833856364,2922702908488523,2922702957176860,716.489,74632.159,48688.337,124036.985,824026,1
429,4000um_pos,1,824027,24027,2922703249990677,2922703250728916,2922703323509152,2922703374528248,738.239,72780.236,51019.096,124537.571,824025,2
430,4000um_pos,1,824027,24027,2922703667049463,2922703667795051,2922703739551826,2922703790115082,745.588,71756.775,50563.256,123065.619,824024,3
431,4000um_pos,1,824026,24026,2922704086309633,2922704087012736,2922704157241754,2922704214262161,703.103,70229.018,57020.407,127952.528,824025,1
432,4000um_pos,1,824028,24028,2922704509328229,2922704510055307,2922704581198189,2922704632674892,727.078,71142.882,51476.703,123346.663,824028,0
433,4000um_pos,1,824027,24027,2922704925491200,2922704926237596,2922704978277904,2922705051795702,746.396,52040.308,73517.798,126304.502,824026,1
434,4000um_pos,1,824026,24026,2922705351366034,2922705352105494,2922705426733924,2922705478719146,739.46,74628.43,51985.222,127353.112,824025,1
435,4000um_pos,1,824026,24026,2922705771990666,2922705772728771,2922705847923102,2922705900244012,738.105,75194.331,52320.91,128253.346,824024,2
436,4000um_pos,1,824026,24026,2922706191243478,2922706191953788,2922706243878001,2922706316649786,710.31,51924.213,72771.785,125406.308,824024,2
437,4000um_pos,1,824027,24027,2922706613123644,2922706613853192,2922706690131699,2922706736752248,729.548,76278.507,46620.549,123628.604,824025,2
438,4000um_pos,1,824026,24026,2922707030264122,2922707030978002,2922707108132155,2922707158506093,713.88,77154.153,50373.938,128241.971,824026,0
439,4000um_pos,1,824027,24027,2922707452039125,2922707452728300,2922707504714251,2922707579277233,689.175,51985.951,74562.982,127238.108,824026,1
440,4000um_pos,1,824027,24027,2922707872408184,2922707873127184,2922707952469863,2922708002384477,719.0,79342.679,49914.614,129976.293,824027,0
441,4000um_pos,1,824026,24026,2922708296699584,2922708297419500,2922708375401789,2922708423525521,719.916,77982.289,48123.732,126825.937,824025,1
442,4000um_pos,1,824026,24026,2922708715725400,2922708716502462,2922708768577104,2922708843651145,777.062,52074.642,75074.041,127925.745,824025,1
443,4000um_pos,1,824027,24027,2922709138429742,2922709139123069,2922709218542215,2922709266629412,693.327,79419.146,48087.197,128199.67,824026,1
444,4000um_pos,1,824026,24026,2922709561043228,2922709561769291,2922709638444648,2922709689609376,726.063,76675.357,51164.728,128566.148,824026,0
445,4000um_pos,1,824026,24026,2922709985489453,2922709986228726,2922710064481943,2922710113403889,739.273,78253.217,48921.946,127914.436,824027,1
446,4000um_pos,1,824026,24026,2922710406360577,2922710407099965,2922710485732924,2922710534942574,739.388,78632.959,49209.65,128581.997,824026,0
447,4000um_pos,1,824025,24025,2922710830203152,2922710830976180,2922710909919501,2922710959779789,773.028,78943.321,49860.288,129576.637,824024,1
448,4000um_pos,1,824027,24027,2922711253880031,2922711254621981,2922711333232003,2922711382145953,741.95,78610.022,48913.95,128265.922,824028,1
449,4000um_pos,1,824025,24025,2922711677160575,,,,nan,nan,nan,nan,24028,799997
450,4000um_pos,1,824025,24025,2922711822486759,2922711823204981,2922711900606613,2922711949544531,718.222,77401.632,48937.918,127057.772,824024,1
451,4000um_pos,1,824027,24027,2922712245242244,2922712245977118,2922712324341926,2922712371625514,734.874,78364.808,47283.588,126383.27,824027,0
452,4000um_pos,1,824025,24025,2922712663259019,2922712663974282,2922712715925182,2922712791331756,715.263,51950.9,75406.574,128072.737,824023,2
453,4000um_pos,1,824027,24027,2922713089486800,2922713090224575,2922713168871988,2922713218541648,737.775,78647.413,49669.66,129054.848,824026,1
454,4000um_pos,1,824027,24027,2922713511419370,2922713512120782,2922713590540890,2922713640853289,701.412,78420.108,50312.399,129433.919,824027,0
455,4000um_pos,1,824026,24026,2922713941678108,2922713942434921,2922714019838226,2922714068622628,756.813,77403.305,48784.402,126944.52,824026,0
456,4000um_pos,1,824027,24027,2922714366739125,2922714367880112,2922714444497190,2922714492406104,1140.987,76617.078,47908.914,125666.979,824026,1
457,4000um_pos,1,824026,24026,2922714787175869,2922714787884241,2922714866185594,2922714915189640,708.372,78301.353,49004.046,128013.771,824024,2
458,4000um_pos,1,824027,24027,2922715215840613,2922715216537506,2922715268517953,2922715342619821,696.893,51980.447,74101.868,126779.208,824026,1
459,4000um_pos,1,824027,24027,2922715637629276,2922715638407135,2922715716225603,2922715766291859,777.859,77818.468,50066.256,128662.583,824025,2
460,4000um_pos,1,824026,24026,2922716063673986,2922716064407065,2922716116315503,2922716192815387,733.079,51908.438,76499.884,129141.401,824025,1
461,4000um_pos,1,824027,24027,2922716491297108,2922716491985782,2922716569930320,2922716620892192,688.674,77944.538,50961.872,129595.084,824029,2
462,4000um_pos,1,824026,24026,2922716915399161,2922716916139686,2922716993623824,2922717044620973,740.525,77484.138,50997.149,129221.812,824025,1
463,4000um_pos,1,824026,24026,2922717342009155,2922717342715972,2922717420786260,2922717471496068,706.817,78070.288,50709.808,129486.913,824026,0
464,4000um_pos,1,824027,24027,2922717765274159,2922717765965221,2922717845785370,2922717895188970,691.062,79820.149,49403.6,129914.811,824026,1
465,4000um_pos,1,824025,24025,2922718189622829,2922718190363444,2922718268785260,2922718319453232,740.615,78421.816,50667.972,129830.403,824025,0
466,4000um_pos,1,824026,24026,2922718618592392,2922718619324522,2922718671371093,2922718747809253,732.13,52046.571,76438.16,129216.861,824027,1
467,4000um_pos,1,824026,24026,2922719050625006,2922719051365524,2922719130144324,2922719179142787,740.518,78778.8,48998.463,128517.781,824025,1
468,4000um_pos,1,824027,24027,2922719476393360,2922719477093347,2922719528993484,2922719605763398,699.987,51900.137,76769.914,129370.038,824027,0
469,4000um_pos,1,824027,24027,2922719898398756,2922719899094139,2922719977805135,2922720028510853,695.383,78710.996,50705.718,130112.097,824025,2
470,4000um_pos,1,824027,24027,2922720321646953,,,,nan,nan,nan,nan,24028,799999
471,4000um_pos,1,824028,24028,2922720469536397,2922720470256920,2922720548598329,2922720598223920,720.523,78341.409,49625.591,128687.523,824028,0
472,4000um_pos,1,824026,24026,2922720898120440,2922720898859189,2922720950885752,2922721027928461,738.749,52026.563,77042.709,129808.021,824026,0
473,4000um_pos,1,824027,24027,2922721326399625,2922721327111254,2922721404368254,2922721455906292,711.629,77257.0,51538.038,129506.667,824027,0
474,4000um_pos,1,824026,24026,2922721750539089,,,,nan,nan,nan,nan,24028,799998
475,4000um_pos,1,824026,24026,2922721894246716,2922721894984275,2922721973061678,2922722022593401,737.559,78077.403,49531.723,128346.685,824026,0
476,4000um_pos,1,824027,24027,2922722319225607,,,,nan,nan,nan,nan,24028,799999
477,4000um_pos,1,824026,24026,2922722466870705,,,,nan,nan,nan,nan,24028,799998
478,4000um_pos,1,824026,24026,2922722611801154,,,,nan,nan,nan,nan,24028,799998
479,4000um_pos,1,824027,24027,2922722755248694,2922722755962728,2922722833766743,2922722884223665,714.034,77804.015,50456.922,128974.971,824026,1
480,4000um_pos,1,824026,24026,2922723177598682,2922723178341040,2922723230428175,2922723305541518,742.358,52087.135,75113.343,127942.836,824025,1
481,4000um_pos,1,824026,24026,2922723601598967,,,,nan,nan,nan,nan,24027,799999
482,4000um_pos,1,824026,24026,2922723746640509,2922723747378748,2922723825492459,2922723876867924,738.239,78113.711,51375.465,130227.415,824026,0
483,4000um_pos,1,824026,24026,2922724170267113,2922724170959948,2922724250043428,2922724299039901,692.835,79083.48,48996.473,128772.788,824026,0
484,4000um_pos,1,824027,24027,2922724595244265,2922724595979183,2922724675158229,2922724722780427,734.918,79179.046,47622.198,127536.162,824026,1
485,4000um_pos,1,824026,24026,2922725016121787,2922725016879237,2922725096928518,2922725142021114,757.45,80049.281,45092.596,125899.327,824024,2
486,4000um_pos,1,824025,24025,2922725437494619,2922725438213933,2922725520776858,2922725566779615,719.314,82562.925,46002.757,129284.996,824025,0
487,4000um_pos,1,824026,24026,2922725857990826,2922725858689156,2922725934403356,2922725991714184,698.33,75714.2,57310.828,133723.358,824025,1
488,4000um_pos,1,824026,24026,2922726294598681,2922726295336951,2922726366364074,2922726443016538,738.27,71027.123,76652.464,148417.857,824025,1
489,4000um_pos,1,824026,24026,2922726737388856,2922726738150342,2922726790262271,2922727079293896,761.486,52111.929,289031.625,341905.04,824027,1
490,4000um_pos,1,824027,24027,2922727444510420,2922727445232993,2922727525694007,2922727551306965,722.573,80461.014,25612.958,106796.545,824027,0
491,4000um_pos,1,824027,24027,2922727851468405,2922727852212819,2922727932547806,2922727961359848,744.414,80334.987,28812.042,109891.443,824027,0
492,4000um_pos,1,824026,24026,2922728260115201,,,,nan,nan,nan,nan,24028,799998
493,4000um_pos,1,824026,24026,2922728411864641,2922728412581495,2922728464840931,2922728518736637,716.854,52259.436,53895.706,106871.996,824027,1
494,4000um_pos,1,824026,24026,2922728819867607,2922728820579557,2922728872860305,2922728925184530,711.95,52280.748,52324.225,105316.923,824027,1
495,4000um_pos,1,824026,24026,2922729222271112,2922729222980496,2922729303467903,2922729328987131,709.384,80487.407,25519.228,106716.019,824027,1
496,4000um_pos,1,824027,24027,2922729626265014,2922729626996416,2922729679218636,2922729733984011,731.402,52222.22,54765.375,107718.997,824027,0
497,4000um_pos,1,824027,24027,2922730033306405,2922730034053727,2922730086203424,2922730139607864,747.322,52149.697,53404.44,106301.459,824028,1
498,4000um_pos,1,824026,24026,2922730438369103,2922730439083769,2922730491401775,2922730545585785,714.666,52318.006,54184.01,107216.682,824027,1
499,4000um_pos,1,824027,24027,2922730844241998,2922730844954575,2922730925235414,2922730953586225,712.577,80280.839,28350.811,109344.227,824026,1
500,4000um_neg,-1,342029,1142029,2922731131305760,2922731132051998,2922731211521736,2922731236979851,746.238,79469.738,25458.115,105674.091,342028,1
501,4000um_neg,-1,342029,1142029,2922731533485957,2922731534207941,2922731586423806,2922731640300118,721.984,52215.865,53876.312,106814.161,342029,0
502,4000um_neg,-1,342029,1142029,2922731935969139,2922731936703914,2922731988983965,2922732042171348,734.775,52280.051,53187.383,106202.209,342027,2
503,4000um_neg,-1,342030,1142030,2922732339447139,2922732340185545,2922732420236808,2922732447054079,738.406,80051.263,26817.271,107606.94,342029,1
504,4000um_neg,-1,342030,1142030,2922732743965033,2922732744705132,2922732796877442,2922732852014441,740.099,52172.31,55136.999,108049.408,342029,1
505,4000um_neg,-1,342030,1142030,2922733146987954,2922733147747826,2922733199922364,2922733253083963,759.872,52174.538,53161.599,106096.009,342029,1
506,4000um_neg,-1,342028,1142028,2922733553716616,2922733554429514,2922733634318989,2922733660501021,712.898,79889.475,26182.032,106784.405,342027,1
507,4000um_neg,-1,342029,1142029,2922733956362926,2922733957103129,2922734037316324,2922734062262099,740.203,80213.195,24945.775,105899.173,342027,2
508,4000um_neg,-1,342030,1142030,2922734358340934,2922734359078719,2922734411294812,2922734466108853,737.785,52216.093,54814.041,107767.919,342030,0
509,4000um_neg,-1,342029,1142029,2922734764094336,2922734764827228,2922734817082402,2922734871978289,732.892,52255.174,54895.887,107883.953,342028,1
510,4000um_neg,-1,342029,1142029,2922735171386207,2922735172123667,2922735251899151,2922735280413837,737.46,79775.484,28514.686,109027.63,342028,1
511,4000um_neg,-1,342031,1142031,2922735576344503,2922735577097594,2922735656898516,2922735684730088,753.091,79800.922,27831.572,108385.585,342030,1
512,4000um_neg,-1,342029,1142029,2922735987701037,2922735988415017,2922736040624774,2922736093457008,713.98,52209.757,52832.234,105755.971,342028,1
513,4000um_neg,-1,342029,1142029,2922736391614264,2922736392348929,2922736444665540,2922736500978872,734.665,52316.611,56313.332,109364.608,342029,0
514,4000um_neg,-1,342029,1142029,2922736796714617,2922736797454820,2922736877463578,2922736905429726,740.203,80008.758,27966.148,108715.109,342029,0
515,4000um_neg,-1,342029,1142029,2922737203405459,2922737204120233,2922737284037278,2922737311273677,714.774,79917.045,27236.399,107868.218,342029,0
516,4000um_neg,-1,342030,1142030,2922737606858790,2922737607555304,2922737687294323,2922737714502166,696.514,79739.019,27207.843,107643.376,342029,1
517,4000um_neg,-1,342029,1142029,2922738012755590,2922738013643427,2922738093419217,2922738120331056,887.837,79775.79,26911.839,107575.466,342030,1
518,4000um_neg,-1,342031,1142031,2922738415635170,2922738416372461,2922738468663993,2922738523231365,737.291,52291.532,54567.372,107596.195,342031,0
519,4000um_neg,-1,342031,1142031,2922738820039597,2922738820803071,2922738873050838,2922738928052641,763.474,52247.767,55001.803,108013.044,342031,0
520,4000um_neg,-1,342029,1142029,2922739227981150,2922739228697130,2922739280954080,2922739336000109,715.98,52256.95,55046.029,108018.959,342027,2
521,4000um_neg,-1,342030,1142030,2922739631959874,2922739633047242,2922739684932911,2922739739578418,1087.368,51885.669,54645.507,107618.544,342029,1
522,4000um_neg,-1,342029,1142029,2922740037107270,2922740037821050,2922740117498452,2922740144269686,713.78,79677.402,26771.234,107162.416,342028,1
523,4000um_neg,-1,342029,1142029,2922740439458350,2922740440181487,2922740520379255,2922740545479650,723.137,80197.768,25100.395,106021.3,342027,2
524,4000um_neg,-1,342029,1142029,2922740842957961,,,,nan,nan,nan,nan,1142029,800000
525,4000um_neg,-1,342029,1142029,2922740993034418,2922740993802581,2922741074164167,2922741100644983,768.163,80361.586,26480.816,107610.565,342029,0
526,4000um_neg,-1,342029,1142029,2922741398235935,2922741398950380,2922741479232711,2922741506564552,714.445,80282.331,27331.841,108328.617,342028,1
527,4000um_neg,-1,342030,1142030,2922741803585402,2922741804350283,2922741856478860,2922741909153908,764.881,52128.577,52675.048,105568.506,342028,2
528,4000um_neg,-1,342029,1142029,2922742208333094,2922742209094757,2922742261331181,2922742315104940,761.663,52236.424,53773.759,106771.846,342030,1
529,4000um_neg,-1,342029,1142029,2922742611215387,2922742611929821,2922742692276180,2922742718579916,714.434,80346.359,26303.736,107364.529,342027,2
530,4000um_neg,-1,342029,1142029,2922743018580111,2922743019298162,2922743099098064,2922743127246730,718.051,79799.902,28148.666,108666.619,342029,0
531,4000um_neg,-1,342030,1142030,2922743422304959,2922743423076585,2922743503298920,2922743529045793,771.626,80222.335,25746.873,106740.834,342030,0
532,4000um_neg,-1,342029,1142029,2922743825336780,2922743826072551,2922743906140885,2922743932491989,735.771,80068.334,26351.104,107155.209,342029,0
533,4000um_neg,-1,342030,1142030,2922744230125054,2922744230816619,2922744311222891,2922744335489730,691.565,80406.272,24266.839,105364.676,342029,1
534,4000um_neg,-1,342031,1142031,2922744632425150,2922744633320105,2922744685509647,2922744737267899,894.955,52189.542,51758.252,104842.749,342030,1
535,4000um_neg,-1,342029,1142029,2922745036372981,2922745037112244,2922745089221709,2922745144949660,739.263,52109.465,55727.951,108576.679,342027,2
536,4000um_neg,-1,342029,1142029,2922745440853789,2922745441587560,2922745521577458,2922745547784847,733.771,79989.898,26207.389,106931.058,342028,1
537,4000um_neg,-1,342029,1142029,2922745843976140,2922745844693855,2922745924967730,2922745950304120,717.715,80273.875,25336.39,106327.98,342029,0
538,4000um_neg,-1,342029,1142029,2922746247577774,2922746248301755,2922746300469806,2922746355967775,723.981,52168.051,55497.969,108390.001,342028,1
539,4000um_neg,-1,342029,1142029,2922746654619633,2922746655740882,2922746735411464,2922746761801066,1121.249,79670.582,26389.602,107181.433,342028,1
540,4000um_neg,-1,342029,1142029,2922747058271272,2922747058981561,2922747138933817,2922747165308817,710.289,79952.256,26375.0,107037.545,342028,1
541,4000um_neg,-1,342029,1142029,2922747462480333,2922747463199593,2922747543548119,2922747569641711,719.26,80348.526,26093.592,107161.378,342029,0
542,4000um_neg,-1,342029,1142029,2922747866457089,2922747867176896,2922747947070461,2922747973097995,719.807,79893.565,26027.534,106640.906,342027,2
543,4000um_neg,-1,342029,1142029,2922748268748315,2922748269465699,2922748349714462,2922748375632687,717.384,80248.763,25918.225,106884.372,342027,2
544,4000um_neg,-1,342029,1142029,2922748672768308,2922748673531851,2922748753803559,2922748780531826,763.543,80271.708,26728.267,107763.518,342028,1
545,4000um_neg,-1,342029,1142029,2922749079250814,2922749079960492,2922749160196845,2922749187220547,709.678,80236.353,27023.702,107969.733,342028,1
546,4000um_neg,-1,342029,1142029,2922749484204447,2922749484960839,2922749537133934,2922749591430075,756.392,52173.095,54296.141,107225.628,342029,0
547,4000um_neg,-1,342029,1142029,2922749887722492,2922749888436669,2922749968654262,2922749995308484,714.177,80217.593,26654.222,107585.992,342028,1
548,4000um_neg,-1,342029,1142029,2922750291663920,2922750292758057,2922750373017755,2922750397761983,1094.137,80259.698,24744.228,106098.063,342028,1
549,4000um_neg,-1,342030,1142030,2922750697743778,2922750698481372,2922750750681357,2922750804346334,737.594,52199.985,53664.977,106602.556,342029,1
550,4000um_neg,-1,342029,1142029,2922751102452671,2922751103211267,2922751183837718,2922751209091680,758.596,80626.451,25253.962,106639.009,342027,2
551,4000um_neg,-1,342029,1142029,2922751509698813,2922751510459802,2922751591132502,2922751614237046,760.989,80672.7,23104.544,104538.233,342028,1
552,4000um_neg,-1,342029,1142029,2922751913723957,2922751914435886,2922751966732817,2922752019838327,711.929,52296.931,53105.51,106114.37,342029,0
553,4000um_neg,-1,342029,1142029,2922752317720069,2922752318458131,2922752398942019,2922752425472264,738.062,80483.888,26530.245,107752.195,342028,1
554,4000um_neg,-1,342029,1142029,2922752724469448,2922752725190143,2922752777423479,2922752833217220,720.695,52233.336,55793.741,108747.772,342029,0
555,4000um_neg,-1,342029,1142029,2922753132304575,2922753133019431,2922753213402148,2922753239092932,714.856,80382.717,25690.784,106788.357,342029,0
556,4000um_neg,-1,342031,1142031,2922753537996137,2922753538903646,2922753590881625,2922753644332393,907.509,51977.979,53450.768,106336.256,342032,1
557,4000um_neg,-1,342030,1142030,2922753940571956,2922753941308722,2922754021627084,2922754048980245,736.766,80318.362,27353.161,108408.289,342030,0
558,4000um_neg,-1,342029,1142029,2922754345595683,2922754346312520,2922754398462744,2922754452342735,716.837,52150.224,53879.991,106747.052,342028,1
559,4000um_neg,-1,342031,1142031,2922754748966541,2922754749685998,2922754830547615,2922754856834928,719.457,80861.617,26287.313,107868.387,342031,0
560,4000um_neg,-1,342028,1142028,2922755154199056,2922755154936277,2922755207192671,2922755260383609,737.221,52256.394,53190.938,106184.553,342027,1
561,4000um_neg,-1,342029,1142029,2922755558020255,2922755558743572,2922755638882544,2922755665323430,723.317,80138.972,26440.886,107303.175,342028,1
562,4000um_neg,-1,342029,1142029,2922755965947737,2922755966662223,2922756018939906,2922756072927110,714.486,52277.683,53987.204,106979.373,342029,0
563,4000um_neg,-1,342028,1142028,2922756374843639,2922756375557428,2922756456255286,2922756482855469,713.789,80697.858,26600.183,108011.83,342027,1
564,4000um_neg,-1,342031,1142031,2922756779987910,2922756780744448,2922756861275456,2922756887730195,756.538,80531.008,26454.739,107742.285,342030,1
565,4000um_neg,-1,342029,1142029,2922757186321919,2922757187091630,2922757267609166,2922757292037926,769.711,80517.536,24428.76,105716.007,342030,1
566,4000um_neg,-1,342030,1142030,2922757589238947,2922757589975021,2922757670460412,2922757695776806,736.074,80485.391,25316.394,106537.859,342030,0
567,4000um_neg,-1,342028,1142028,2922757993339218,2922757994099582,2922758046335959,2922758104564808,760.364,52236.377,58228.849,111225.59,342029,1
568,4000um_neg,-1,342029,1142029,2922758402611956,2922758403730244,2922758455561139,2922758511706072,1118.288,51830.895,56144.933,109094.116,342029,0
569,4000um_neg,-1,342028,1142028,2922758811196554,2922758811906208,2922758892354291,2922758918417615,709.654,80448.083,26063.324,107221.061,342027,1
570,4000um_neg,-1,342028,1142028,2922759215315855,2922759216045942,2922759268232253,2922759323252521,730.087,52186.311,55020.268,107936.666,342028,0
571,4000um_neg,-1,342029,1142029,2922759620280964,2922759620991866,2922759701336310,2922759725560702,710.902,80344.444,24224.392,105279.738,342028,1
572,4000um_neg,-1,342030,1142030,2922760027274588,2922760027992530,2922760108314513,2922760133105435,717.942,80321.983,24790.922,105830.847,342029,1
573,4000um_neg,-1,342029,1142029,2922760430214414,2922760430950468,2922760511437041,2922760538311849,736.054,80486.573,26874.808,108097.435,342029,0
574,4000um_neg,-1,342030,1142030,2922760835129547,2922760835893135,2922760916054357,2922760941776487,763.588,80161.222,25722.13,106646.94,342028,2
575,4000um_neg,-1,342029,1142029,2922761239094092,2922761239806359,2922761291979410,2922761345674377,712.267,52173.051,53694.967,106580.285,342027,2
576,4000um_neg,-1,342031,1142031,2922761642946215,2922761643678460,2922761695898382,2922761750685853,732.245,52219.922,54787.471,107739.638,342030,1
577,4000um_neg,-1,342027,1142027,2922762051449980,2922762052425804,2922762132578466,2922762158644032,975.824,80152.662,26065.566,107194.052,342027,0
578,4000um_neg,-1,342029,1142029,2922762456275074,2922762457028260,2922762537393914,2922762563790678,753.186,80365.654,26396.764,107515.604,342028,1
579,4000um_neg,-1,342029,1142029,2922762865277320,2922762865994226,2922762946425103,2922762972122324,716.906,80430.877,25697.221,106845.004,342027,2
580,4000um_neg,-1,342029,1142029,2922763271153364,2922763271870916,2922763352084137,2922763376916724,717.552,80213.221,24832.587,105763.36,342028,1
581,4000um_neg,-1,342030,1142030,2922763674958065,2922763675678328,2922763727849657,2922763782169395,720.263,52171.329,54319.738,107211.33,342029,1
582,4000um_neg,-1,342030,1142030,2922764079334729,2922764080075263,2922764132309612,2922764184294143,740.534,52234.349,51984.531,104959.414,342029,1
583,4000um_neg,-1,342029,1142029,2922764483929763,2922764484701315,2922764536821251,2922764592126307,771.552,52119.936,55305.056,108196.544,342028,1
584,4000um_neg,-1,342029,1142029,2922764890558730,2922764891301813,2922764971661420,2922764997100453,743.083,80359.607,25439.033,106541.723,342029,0
585,4000um_neg,-1,342029,1142029,2922765295325798,2922765296101711,2922765376232925,2922765402030345,775.913,80131.214,25797.42,106704.547,342028,1
586,4000um_neg,-1,342029,1142029,2922765700400025,2922765701114363,2922765753308887,2922765808226237,714.338,52194.524,54917.35,107826.212,342028,1
587,4000um_neg,-1,342029,1142029,2922766105997563,2922766106735437,2922766187168703,2922766212993061,737.874,80433.266,25824.358,106995.498,342028,1
588,4000um_neg,-1,342029,1142029,2922766510210796,2922766510989211,2922766591327154,2922766616517606,778.415,80337.943,25190.452,106306.81,342030,1
589,4000um_neg,-1,342031,1142031,2922766913816695,2922766914534540,2922766966743966,2922767021873522,717.845,52209.426,55129.556,108056.827,342030,1
590,4000um_neg,-1,342029,1142029,2922767322579514,2922767323278373,2922767375470496,2922767430185857,698.859,52192.123,54715.361,107606.343,342028,1
591,4000um_neg,-1,342029,1142029,2922767733126165,2922767733839037,2922767814283050,2922767840491267,712.872,80444.013,26208.217,107365.102,342028,1
592,4000um_neg,-1,342031,1142031,2922768139398833,2922768140136905,2922768192397414,2922768247205205,738.072,52260.509,54807.791,107806.372,342031,0
593,4000um_neg,-1,342029,1142029,2922768544227839,2922768544962783,2922768625061252,2922768651447195,734.944,80098.469,26385.943,107219.356,342027,2
594,4000um_neg,-1,342031,1142031,2922768948031001,2922768948797065,2922769001046540,2922769055431888,766.064,52249.475,54385.348,107400.887,342030,1
595,4000um_neg,-1,342029,1142029,2922769354564832,2922769355278972,2922769435844444,2922769460512268,714.14,80565.472,24667.824,105947.436,342028,1
596,4000um_neg,-1,342029,1142029,2922769759273190,2922769760038100,2922769812289140,2922769865748163,764.91,52251.04,53459.023,106474.973,342028,1
597,4000um_neg,-1,342028,1142028,2922770164274827,2922770165022215,2922770245224103,2922770271575692,747.388,80201.888,26351.589,107300.865,342026,2
598,4000um_neg,-1,342029,1142029,2922770569608387,2922770570323224,2922770622615476,2922770678176354,714.837,52292.252,55560.878,108567.967,342029,0
599,4000um_neg,-1,342030,1142030,2922770978929348,2922770979673457,2922771060138742,2922771086203573,744.109,80465.285,26064.831,107274.225,342029,1
