frame_idx,time_s,shift_px,position_mm
0,0.0,-0.414,-0.001902
1,0.0025,-0.3708,-0.001703
2,0.005,-0.3255,-0.001495
3,0.0075,-0.4667,-0.002144
4,0.01,-0.0799,-0.000367
5,0.0125,-0.1225,-0.000563
6,0.015,-0.5164,-0.002372
7,0.0175,-0.4284,-0.001968
8,0.02,-0.2516,-0.001156
9,0.0225,-0.2719,-0.001249
10,0.025,-0.8715,-0.004003
11,0.0275,-0.4719,-0.002167
12,0.03,-0.0926,-0.000425
13,0.0325,0.0734,0.000337
14,0.035,-0.1749,-0.000803
15,0.0375,-0.2388,-0.001097
16,0.04,0.2949,0.001355
17,0.0425,0.3533,0.001623
18,0.045,0.2678,0.00123
19,0.0475,0.2496,0.001146
20,0.05,-0.0511,-0.000235
21,0.0525,-0.426,-0.001957
22,0.055,-0.122,-0.000561
23,0.0575,-0.5314,-0.002441
24,0.06,-0.6715,-0.003084
25,0.0625,-0.7219,-0.003316
26,0.065,-0.3967,-0.001822
27,0.0675,-0.3073,-0.001411
28,0.07,-0.6747,-0.003099
29,0.0725,-0.7296,-0.003351
30,0.075,-0.9425,-0.004329
31,0.0775,-0.1862,-0.000855
32,0.08,-0.1975,-0.000907
33,0.0825,-0.4456,-0.002047
34,0.085,-0.4938,-0.002268
35,0.0875,-0.2653,-0.001218
36,0.09,0.1261,0.000579
37,0.0925,0.2105,0.000967
38,0.095,0.3583,0.001646
39,0.0975,0.4742,0.002178
40,0.1,0.9767,0.004486
41,0.1025,0.984,0.004519
42,0.105,0.57,0.002618
43,0.1075,0.6738,0.003095
44,0.11,0.5246,0.00241
45,0.1125,0.5269,0.00242
46,0.115,0.5864,0.002693
47,0.1175,0.4546,0.002088
48,0.12,0.4314,0.001982
49,0.1225,0.1629,0.000748
50,0.125,-0.2748,-0.001262
51,0.1275,-0.258,-0.001185
52,0.13,0.0012,6e-06
53,0.1325,-0.0389,-0.000179
54,0.135,0.4956,0.002276
55,0.1375,0.3659,0.00168
56,0.14,0.262,0.001203
57,0.1425,0.6153,0.002826
58,0.145,0.8888,0.004082
59,0.1475,0.8096,0.003719
60,0.15,0.769,0.003532
61,0.1525,0.7846,0.003604
62,0.155,1.0736,0.004931
63,0.1575,1.0597,0.004867
64,0.16,1.0297,0.004729
65,0.1625,1.1915,0.005472
66,0.165,1.0494,0.00482
67,0.1675,1.733,0.00796
68,0.17,1.678,0.007707
69,0.1725,1.677,0.007702
70,0.175,1.5312,0.007033
71,0.1775,1.3682,0.006284
72,0.18,1.1948,0.005488
73,0.1825,1.2315,0.005656
74,0.185,0.7719,0.003545
75,0.1875,0.7831,0.003597
76,0.19,0.9581,0.004401
77,0.1925,1.2266,0.005634
78,0.195,1.3057,0.005997
79,0.1975,2.1031,0.00966
80,0.2,2.9473,0.013537
81,0.2025,3.4062,0.015645
82,0.205,3.6252,0.01665
83,0.2075,3.9448,0.018119
84,0.21,4.4339,0.020365
85,0.2125,4.8264,0.022167
86,0.215,4.9664,0.022811
87,0.2175,4.9441,0.022708
88,0.22,4.3292,0.019884
89,0.2225,4.6132,0.021188
90,0.225,4.496,0.02065
91,0.2275,4.7996,0.022044
92,0.23,4.4624,0.020496
93,0.2325,4.4274,0.020335
94,0.235,4.9263,0.022626
95,0.2375,4.8302,0.022185
96,0.24,4.765,0.021885
97,0.2425,4.3769,0.020103
98,0.245,4.5662,0.020973
99,0.2475,4.8044,0.022067
100,0.25,5.0263,0.023086
101,0.2525,5.1024,0.023435
102,0.255,4.8155,0.022118
103,0.2575,4.584,0.021054
104,0.26,4.5107,0.020718
105,0.2625,4.0666,0.018678
106,0.265,4.1813,0.019205
107,0.2675,4.173,0.019166
108,0.27,3.9959,0.018353
109,0.2725,3.974,0.018253
110,0.275,3.5561,0.016333
111,0.2775,3.3061,0.015185
112,0.28,2.8889,0.013269
113,0.2825,3.3326,0.015307
114,0.285,3.271,0.015024
115,0.2875,2.8768,0.013213
116,0.29,2.9965,0.013763
117,0.2925,2.9517,0.013557
118,0.295,3.076,0.014128
119,0.2975,2.8991,0.013316
120,0.3,2.8184,0.012945
121,0.3025,3.1006,0.014241
122,0.305,3.3563,0.015415
123,0.3075,3.4417,0.015808
124,0.31,3.3828,0.015537
125,0.3125,3.5848,0.016465
126,0.315,3.5783,0.016435
127,0.3175,3.3776,0.015513
128,0.32,3.5142,0.016141
129,0.3225,3.5234,0.016183
130,0.325,3.1578,0.014504
131,0.3275,3.2547,0.014949
132,0.33,3.3263,0.015278
133,0.3325,3.3608,0.015436
134,0.335,3.1247,0.014352
135,0.3375,2.9579,0.013585
136,0.34,3.1985,0.014691
137,0.3425,3.2717,0.015027
138,0.345,2.8307,0.013002
139,0.3475,2.7533,0.012646
140,0.35,2.9516,0.013557
141,0.3525,3.2477,0.014917
142,0.355,3.1516,0.014475
143,0.3575,3.2157,0.01477
144,0.36,2.8887,0.013268
145,0.3625,2.4667,0.011329
146,0.365,2.6266,0.012064
147,0.3675,2.4041,0.011042
148,0.37,2.7129,0.01246
149,0.3725,2.3384,0.01074
150,0.375,2.2861,0.0105
151,0.3775,2.194,0.010077
152,0.38,2.2274,0.01023
153,0.3825,2.0121,0.009242
154,0.385,2.021,0.009283
155,0.3875,2.2341,0.010261
156,0.39,1.9669,0.009034
157,0.3925,1.9546,0.008978
158,0.395,2.4266,0.011145
159,0.3975,2.556,0.01174
160,0.4,2.7666,0.012707
161,0.4025,2.9186,0.013405
162,0.405,2.8431,0.013059
163,0.4075,2.8418,0.013053
164,0.41,2.9154,0.01339
165,0.4125,2.9751,0.013664
166,0.415,2.5062,0.011511
167,0.4175,2.6115,0.011995
168,0.42,2.8067,0.012891
169,0.4225,2.8648,0.013158
170,0.425,2.7962,0.012843
171,0.4275,2.6044,0.011962
172,0.43,2.48,0.011391
173,0.4325,2.3314,0.010708
174,0.435,1.326,0.00609
175,0.4375,0.9299,0.004271
176,0.44,1.1769,0.005406
177,0.4425,1.3907,0.006388
178,0.445,1.3752,0.006316
179,0.4475,1.3947,0.006406
180,0.45,1.3348,0.006131
181,0.4525,1.3511,0.006206
182,0.455,1.7448,0.008014
183,0.4575,1.6769,0.007702
184,0.46,1.2698,0.005832
185,0.4625,1.1648,0.00535
186,0.465,0.954,0.004382
187,0.4675,1.0122,0.004649
188,0.47,1.0641,0.004887
189,0.4725,0.9401,0.004318
190,0.475,0.4658,0.002139
191,0.4775,0.5619,0.002581
192,0.48,1.0857,0.004987
193,0.4825,0.9375,0.004306
194,0.485,1.0074,0.004627
195,0.4875,1.0239,0.004703
196,0.49,1.3153,0.006041
197,0.4925,1.6698,0.007669
198,0.495,1.6149,0.007417
199,0.4975,2.0755,0.009533
200,0.5,2.0148,0.009254
201,0.5025,2.3205,0.010658
202,0.505,2.0665,0.009491
203,0.5075,1.9183,0.008811
204,0.51,1.7489,0.008033
205,0.5125,1.7006,0.007811
206,0.515,1.7732,0.008145
207,0.5175,1.4503,0.006661
208,0.52,1.9699,0.009048
209,0.5225,2.1172,0.009724
210,0.525,2.021,0.009282
211,0.5275,1.8397,0.00845
212,0.53,2.0073,0.00922
213,0.5325,1.771,0.008134
214,0.535,1.6298,0.007486
215,0.5375,1.7985,0.00826
216,0.54,1.6692,0.007666
217,0.5425,1.6969,0.007794
218,0.545,1.3729,0.006306
219,0.5475,1.4618,0.006714
220,0.55,1.4834,0.006813
221,0.5525,0.9657,0.004435
222,0.555,1.3735,0.006308
223,0.5575,1.9411,0.008915
224,0.56,2.244,0.010307
225,0.5625,1.9633,0.009018
226,0.565,1.4373,0.006602
227,0.5675,1.3051,0.005995
228,0.57,1.4625,0.006717
229,0.5725,1.2549,0.005764
230,0.575,1.2432,0.00571
231,0.5775,1.4508,0.006664
232,0.58,1.6892,0.007758
233,0.5825,1.7463,0.008021
234,0.585,2.2825,0.010484
235,0.5875,2.0343,0.009344
236,0.59,2.0208,0.009282
237,0.5925,2.1358,0.00981
238,0.595,2.1293,0.00978
239,0.5975,2.5087,0.011522
240,0.6,2.8616,0.013143
241,0.6025,2.8644,0.013156
242,0.605,2.8386,0.013038
243,0.6075,3.0944,0.014213
244,0.61,3.0846,0.014168
245,0.6125,3.1738,0.014577
246,0.615,3.2164,0.014773
247,0.6175,2.9072,0.013353
248,0.62,2.9659,0.013622
249,0.6225,2.5669,0.01179
250,0.625,2.521,0.011579
251,0.6275,3.0069,0.013811
252,0.63,3.0996,0.014236
253,0.6325,3.3341,0.015314
254,0.635,3.6933,0.016963
255,0.6375,3.713,0.017054
256,0.64,3.758,0.017261
257,0.6425,3.9472,0.018129
258,0.645,3.857,0.017715
259,0.6475,3.9051,0.017936
260,0.65,3.8179,0.017536
261,0.6525,4.1717,0.019161
262,0.655,4.1391,0.019011
263,0.6575,4.2438,0.019492
264,0.66,4.0995,0.018829
265,0.6625,4.2408,0.019478
266,0.665,4.0116,0.018425
267,0.6675,3.5771,0.01643
268,0.67,3.1703,0.014561
269,0.6725,3.4417,0.015808
270,0.675,3.3492,0.015383
271,0.6775,3.2425,0.014893
272,0.68,2.8951,0.013297
273,0.6825,3.2019,0.014706
274,0.685,3.887,0.017853
275,0.6875,3.7416,0.017185
276,0.69,4.0939,0.018803
277,0.6925,4.0023,0.018382
278,0.695,4.4903,0.020624
279,0.6975,4.4339,0.020365
280,0.7,4.0746,0.018715
281,0.7025,3.9088,0.017953
282,0.705,3.9255,0.01803
283,0.7075,4.1949,0.019267
284,0.71,4.1513,0.019067
285,0.7125,4.2231,0.019397
286,0.715,4.2719,0.019621
287,0.7175,4.1248,0.018945
288,0.72,4.5892,0.021078
289,0.7225,4.6132,0.021189
290,0.725,4.7914,0.022007
291,0.7275,4.3565,0.020009
292,0.73,4.6386,0.021305
293,0.7325,4.8639,0.02234
294,0.735,4.6803,0.021497
295,0.7375,4.8961,0.022488
296,0.74,4.8056,0.022072
297,0.7425,4.8564,0.022305
298,0.745,4.909,0.022547
299,0.7475,4.3419,0.019942
300,0.75,3.9502,0.018143
301,0.7525,4.0651,0.018671
302,0.755,4.1969,0.019276
303,0.7575,4.1226,0.018935
304,0.76,4.3871,0.02015
305,0.7625,4.233,0.019442
306,0.765,4.3353,0.019912
307,0.7675,3.8834,0.017836
308,0.77,3.4026,0.015628
309,0.7725,2.9463,0.013532
310,0.775,2.9714,0.013647
311,0.7775,3.4121,0.015672
312,0.78,3.345,0.015364
313,0.7825,3.3891,0.015566
314,0.785,3.4959,0.016057
315,0.7875,3.8502,0.017684
316,0.79,3.7781,0.017353
317,0.7925,3.6806,0.016905
318,0.795,3.3716,0.015486
319,0.7975,3.414,0.01568
320,0.8,3.5553,0.016329
321,0.8025,3.2627,0.014986
322,0.805,3.1391,0.014418
323,0.8075,2.9809,0.013692
324,0.81,2.3345,0.010723
325,0.8125,2.9354,0.013482
326,0.815,2.993,0.013747
327,0.8175,2.5224,0.011585
328,0.82,2.899,0.013315
329,0.8225,2.809,0.012902
330,0.825,3.2426,0.014893
331,0.8275,3.3825,0.015536
332,0.83,3.1394,0.014419
333,0.8325,3.2657,0.014999
334,0.835,3.5752,0.016421
335,0.8375,3.5556,0.016331
336,0.84,3.0615,0.014061
337,0.8425,2.874,0.0132
338,0.845,2.5836,0.011867
339,0.8475,2.4556,0.011279
340,0.85,2.1112,0.009697
341,0.8525,1.8914,0.008687
342,0.855,1.8833,0.00865
343,0.8575,1.9993,0.009183
344,0.86,2.2559,0.010361
345,0.8625,2.0156,0.009257
346,0.865,1.9187,0.008813
347,0.8675,1.7944,0.008242
348,0.87,1.7418,0.008
349,0.8725,1.8191,0.008355
350,0.875,1.3657,0.006273
351,0.8775,1.344,0.006173
352,0.88,1.4543,0.00668
353,0.8825,1.7875,0.00821
354,0.885,2.1832,0.010027
355,0.8875,2.1097,0.00969
356,0.89,2.0096,0.00923
357,0.8925,2.5794,0.011847
358,0.895,3.128,0.014367
359,0.8975,3.0111,0.01383
360,0.9,2.9559,0.013577
361,0.9025,3.4555,0.015871
362,0.905,3.4496,0.015844
363,0.9075,3.4717,0.015945
364,0.91,3.5579,0.016342
365,0.9125,3.6387,0.016712
366,0.915,3.3758,0.015505
367,0.9175,3.2547,0.014949
368,0.92,3.1895,0.014649
369,0.9225,3.161,0.014518
370,0.925,2.9257,0.013438
371,0.9275,3.0419,0.013971
372,0.93,2.6413,0.012131
373,0.9325,2.6731,0.012278
374,0.935,2.6154,0.012013
375,0.9375,3.0437,0.01398
376,0.94,3.336,0.015322
377,0.9425,3.2714,0.015026
378,0.945,3.0683,0.014093
379,0.9475,2.4907,0.01144
380,0.95,2.7602,0.012677
381,0.9525,2.7975,0.012849
382,0.955,2.4428,0.01122
383,0.9575,2.0062,0.009214
384,0.96,2.3173,0.010643
385,0.9625,2.3271,0.010688
386,0.965,2.2294,0.01024
387,0.9675,1.7295,0.007944
388,0.97,1.5611,0.00717
389,0.9725,1.6767,0.007701
390,0.975,1.7194,0.007897
391,0.9775,1.6,0.007349
392,0.98,1.2315,0.005656
393,0.9825,1.6387,0.007527
394,0.985,2.0536,0.009432
395,0.9875,1.9993,0.009183
396,0.99,1.9812,0.0091
397,0.9925,1.831,0.00841
398,0.995,2.0103,0.009233
399,0.9975,2.0425,0.009381
400,1.0,2.11,0.009691
401,1.0025,2.2645,0.010401
402,1.005,2.5447,0.011688
403,1.0075,2.7075,0.012436
404,1.01,2.4788,0.011385
405,1.0125,2.4561,0.011281
406,1.015,2.355,0.010817
407,1.0175,2.6814,0.012316
408,1.02,2.8866,0.013258
409,1.0225,3.1642,0.014533
410,1.025,3.3963,0.015599
411,1.0275,3.5902,0.01649
412,1.03,3.846,0.017665
413,1.0325,3.9831,0.018294
414,1.035,4.3035,0.019766
415,1.0375,4.2344,0.019449
416,1.04,4.674,0.021467
417,1.0425,4.899,0.022501
418,1.045,4.3621,0.020035
419,1.0475,3.9906,0.018329
420,1.05,4.083,0.018753
421,1.0525,4.4975,0.020657
422,1.055,4.3685,0.020065
423,1.0575,4.2613,0.019572
424,1.06,4.3861,0.020145
425,1.0625,4.6746,0.02147
426,1.065,4.5121,0.020724
427,1.0675,4.5714,0.020996
428,1.07,4.2139,0.019354
429,1.0725,4.2628,0.019579
430,1.075,4.2973,0.019737
431,1.0775,4.7649,0.021885
432,1.08,4.8689,0.022363
433,1.0825,4.8338,0.022202
434,1.085,4.7169,0.021665
435,1.0875,4.5672,0.020977
436,1.09,4.7203,0.02168
437,1.0925,4.8823,0.022424
438,1.095,4.6894,0.021538
439,1.0975,4.3648,0.020047
440,1.1,4.1047,0.018853
441,1.1025,4.1762,0.019181
442,1.105,3.6444,0.016739
443,1.1075,4.0334,0.018525
444,1.11,4.3944,0.020184
445,1.1125,4.2759,0.019639
446,1.115,4.0345,0.018531
447,1.1175,3.7671,0.017303
448,1.12,3.6986,0.016988
449,1.1225,4.1546,0.019082
450,1.125,4.1575,0.019095
451,1.1275,4.0108,0.018422
452,1.13,3.9581,0.01818
453,1.1325,3.8951,0.01789
454,1.135,3.6772,0.016889
455,1.1375,3.7032,0.017009
456,1.14,3.6485,0.016758
457,1.1425,3.9521,0.018152
458,1.145,4.2394,0.019472
459,1.1475,4.3057,0.019776
460,1.15,4.3185,0.019835
461,1.1525,4.2844,0.019678
462,1.155,4.3056,0.019776
463,1.1575,4.3633,0.020041
464,1.16,4.2157,0.019363
465,1.1625,4.2504,0.019522
466,1.165,4.3064,0.01978
467,1.1675,4.3049,0.019772
468,1.17,4.356,0.020007
469,1.1725,4.2049,0.019313
470,1.175,3.8248,0.017567
471,1.1775,3.4272,0.015741
472,1.18,3.3582,0.015424
473,1.1825,3.0495,0.014007
474,1.185,3.1388,0.014417
475,1.1875,2.6461,0.012153
476,1.19,2.9909,0.013737
477,1.1925,3.132,0.014385
478,1.195,2.8944,0.013294
479,1.1975,2.8265,0.012982
480,1.2,2.8299,0.012998
481,1.2025,2.6149,0.01201
482,1.205,2.795,0.012838
483,1.2075,2.4357,0.011187
484,1.21,2.4594,0.011296
485,1.2125,2.3774,0.01092
486,1.215,2.0597,0.00946
487,1.2175,2.1294,0.00978
488,1.22,1.7267,0.007931
489,1.2225,1.3935,0.0064
490,1.225,1.2399,0.005695
491,1.2275,1.1084,0.005091
492,1.23,1.2414,0.005702
493,1.2325,0.9772,0.004488
494,1.235,0.9973,0.004581
495,1.2375,1.2256,0.005629
496,1.24,0.9445,0.004338
497,1.2425,0.6604,0.003033
498,1.245,0.8388,0.003853
499,1.2475,1.1823,0.00543
500,1.25,0.9818,0.00451
501,1.2525,1.1168,0.00513
502,1.255,1.3246,0.006084
503,1.2575,1.3245,0.006084
504,1.26,1.0604,0.004871
505,1.2625,1.1629,0.005341
506,1.265,0.6471,0.002972
507,1.2675,0.5241,0.002407
508,1.27,0.5853,0.002688
509,1.2725,1.094,0.005025
510,1.275,1.2026,0.005524
511,1.2775,1.2263,0.005632
512,1.28,1.0762,0.004943
513,1.2825,1.2308,0.005653
514,1.285,1.3234,0.006078
515,1.2875,1.0755,0.00494
516,1.29,1.292,0.005934
517,1.2925,1.3383,0.006147
518,1.295,1.5415,0.00708
519,1.2975,1.3531,0.006215
520,1.3,1.1553,0.005306
521,1.3025,1.0547,0.004844
522,1.305,1.1644,0.005348
523,1.3075,1.4553,0.006684
524,1.31,1.5809,0.007261
525,1.3125,1.3835,0.006354
526,1.315,1.7388,0.007986
527,1.3175,1.9054,0.008751
528,1.32,2.1416,0.009837
529,1.3225,1.9632,0.009017
530,1.325,1.8501,0.008498
531,1.3275,1.7811,0.008181
532,1.33,1.8686,0.008583
533,1.3325,1.4715,0.006759
534,1.335,1.4658,0.006732
535,1.3375,1.5681,0.007202
536,1.34,1.8716,0.008596
537,1.3425,2.523,0.011588
538,1.345,2.2669,0.010412
539,1.3475,2.6718,0.012272
540,1.35,2.8861,0.013256
541,1.3525,2.5693,0.011801
542,1.355,2.7173,0.012481
543,1.3575,2.9469,0.013535
544,1.36,3.2114,0.01475
545,1.3625,3.3939,0.015588
546,1.365,3.5055,0.016101
547,1.3675,3.6213,0.016632
548,1.37,3.1932,0.014666
549,1.3725,2.9282,0.013449
550,1.375,3.2328,0.014848
551,1.3775,3.4783,0.015976
552,1.38,3.418,0.015699
553,1.3825,3.0747,0.014122
554,1.385,3.3524,0.015398
555,1.3875,3.7915,0.017414
556,1.39,3.2336,0.014852
557,1.3925,3.0805,0.014149
558,1.395,2.7943,0.012834
559,1.3975,2.6027,0.011954
560,1.4,2.5735,0.01182
561,1.4025,3.0684,0.014093
562,1.405,2.8802,0.013229
563,1.4075,2.5033,0.011498
564,1.41,1.9614,0.009009
565,1.4125,2.2385,0.010281
566,1.415,2.4653,0.011323
567,1.4175,2.5363,0.011649
568,1.42,2.8249,0.012975
569,1.4225,3.436,0.015781
570,1.425,3.15,0.014468
571,1.4275,3.0717,0.014108
572,1.43,3.1869,0.014637
573,1.4325,3.35,0.015387
574,1.435,3.6174,0.016615
575,1.4375,3.445,0.015823
576,1.44,2.9135,0.013382
577,1.4425,3.1949,0.014674
578,1.445,3.5267,0.016198
579,1.4475,3.1052,0.014262
580,1.45,3.0866,0.014177
581,1.4525,3.3081,0.015194
582,1.455,3.7419,0.017187
583,1.4575,3.8281,0.017582
584,1.46,3.8855,0.017846
585,1.4625,3.8233,0.017561
586,1.465,3.7647,0.017291
587,1.4675,3.5253,0.016192
588,1.47,3.2939,0.015129
589,1.4725,3.4241,0.015727
590,1.475,2.6915,0.012362
591,1.4775,3.0737,0.014118
592,1.48,3.4324,0.015765
593,1.4825,3.5981,0.016526
594,1.485,3.4222,0.015718
595,1.4875,2.8796,0.013226
596,1.49,3.5777,0.016432
597,1.4925,3.5536,0.016322
598,1.495,3.6686,0.01685
599,1.4975,3.688,0.016939
600,1.5,3.7299,0.017131
601,1.5025,4.0876,0.018774
602,1.505,3.5953,0.016513
603,1.5075,3.6356,0.016698
604,1.51,3.9936,0.018343
605,1.5125,3.8767,0.017806
606,1.515,4.2413,0.01948
607,1.5175,4.4374,0.020381
608,1.52,4.4833,0.020592
609,1.5225,4.162,0.019116
610,1.525,4.1112,0.018883
611,1.5275,4.2773,0.019645
612,1.53,4.0847,0.018761
613,1.5325,4.3158,0.019823
614,1.535,4.3115,0.019803
615,1.5375,4.2951,0.019727
616,1.54,4.1544,0.019081
617,1.5425,4.1462,0.019043
618,1.545,4.1338,0.018987
619,1.5475,4.2119,0.019345
620,1.55,4.0522,0.018612
621,1.5525,3.6396,0.016717
622,1.555,3.7283,0.017124
623,1.5575,3.5321,0.016223
624,1.56,3.4099,0.015662
625,1.5625,3.8828,0.017834
626,1.565,3.702,0.017003
627,1.5675,3.7086,0.017033
628,1.57,3.724,0.017104
629,1.5725,3.8726,0.017787
630,1.575,3.5116,0.016129
631,1.5775,3.233,0.014849
632,1.58,3.1769,0.014592
633,1.5825,3.3397,0.015339
634,1.585,3.3186,0.015242
635,1.5875,3.0704,0.014102
636,1.59,2.8568,0.013121
637,1.5925,2.7821,0.012778
638,1.595,2.5239,0.011592
639,1.5975,2.7539,0.012649
640,1.6,3.1431,0.014436
641,1.6025,2.8566,0.01312
642,1.605,3.2949,0.015133
643,1.6075,3.1767,0.014591
644,1.61,2.7748,0.012745
645,1.6125,2.4938,0.011454
646,1.615,2.2692,0.010423
647,1.6175,2.7813,0.012775
648,1.62,3.0111,0.01383
649,1.6225,3.0005,0.013781
650,1.625,3.2212,0.014795
651,1.6275,3.2713,0.015025
652,1.63,3.0181,0.013862
653,1.6325,2.6335,0.012096
654,1.635,2.1383,0.009821
655,1.6375,1.9698,0.009047
656,1.64,2.0153,0.009256
657,1.6425,1.7268,0.007931
658,1.645,1.3048,0.005993
659,1.6475,1.5741,0.00723
660,1.65,1.7424,0.008003
661,1.6525,1.8385,0.008444
662,1.655,1.6491,0.007574
663,1.6575,1.5388,0.007068
664,1.66,1.3615,0.006253
665,1.6625,1.0799,0.00496
666,1.665,1.1499,0.005281
667,1.6675,0.9719,0.004464
668,1.67,0.6536,0.003002
669,1.6725,1.0072,0.004626
670,1.675,0.8872,0.004075
671,1.6775,0.5057,0.002323
672,1.68,0.3495,0.001605
673,1.6825,0.4468,0.002052
674,1.685,0.3378,0.001552
675,1.6875,0.5657,0.002598
676,1.69,0.2717,0.001248
677,1.6925,-0.009,-4.1e-05
678,1.695,0.3861,0.001773
679,1.6975,0.1076,0.000494
680,1.7,-0.2979,-0.001368
681,1.7025,-0.0111,-5.1e-05
682,1.705,0.0509,0.000234
683,1.7075,0.3479,0.001598
684,1.71,0.17,0.000781
685,1.7125,-0.0864,-0.000397
686,1.715,-0.1918,-0.000881
687,1.7175,0.0542,0.000249
688,1.72,-0.067,-0.000308
689,1.7225,-0.2983,-0.00137
690,1.725,-0.1985,-0.000912
691,1.7275,0.2722,0.00125
692,1.73,0.486,0.002232
693,1.7325,0.7586,0.003484
694,1.735,0.4998,0.002296
695,1.7375,0.5024,0.002307
696,1.74,0.5405,0.002483
697,1.7425,1.209,0.005553
698,1.745,1.032,0.00474
699,1.7475,0.4933,0.002266
700,1.75,0.4434,0.002036
701,1.7525,0.5752,0.002642
702,1.755,0.4576,0.002102
703,1.7575,0.3711,0.001705
704,1.76,0.291,0.001337
705,1.7625,0.5166,0.002373
706,1.765,0.5931,0.002724
707,1.7675,0.6656,0.003057
708,1.77,0.2811,0.001291
709,1.7725,0.0018,8e-06
710,1.775,-0.1218,-0.000559
711,1.7775,0.0899,0.000413
712,1.78,0.1327,0.00061
713,1.7825,-0.0162,-7.4e-05
714,1.785,-0.0238,-0.000109
715,1.7875,-0.1001,-0.00046
716,1.79,-0.2394,-0.001099
717,1.7925,-0.0036,-1.7e-05
718,1.795,-0.6687,-0.003072
719,1.7975,-1.0417,-0.004785
720,1.8,-1.0392,-0.004773
721,1.8025,-1.106,-0.00508
722,1.805,-1.2993,-0.005968
723,1.8075,-1.4524,-0.006671
724,1.81,-1.5971,-0.007335
725,1.8125,-1.4907,-0.006847
726,1.815,-1.664,-0.007643
727,1.8175,-1.8595,-0.008541
728,1.82,-1.9336,-0.008881
729,1.8225,-1.523,-0.006995
730,1.825,-1.5465,-0.007103
731,1.8275,-1.5596,-0.007163
732,1.83,-1.68,-0.007716
733,1.8325,-1.7292,-0.007942
734,1.835,-1.495,-0.006867
735,1.8375,-1.3228,-0.006076
736,1.84,-1.654,-0.007597
737,1.8425,-1.8444,-0.008472
738,1.845,-1.3741,-0.006311
739,1.8475,-1.4136,-0.006493
740,1.85,-1.1135,-0.005114
741,1.8525,-1.1483,-0.005274
742,1.855,-1.063,-0.004882
743,1.8575,-0.6979,-0.003205
744,1.86,-0.7468,-0.00343
745,1.8625,-0.8625,-0.003961
746,1.865,-0.9222,-0.004236
747,1.8675,-0.5604,-0.002574
748,1.87,-0.6075,-0.00279
749,1.8725,-0.4013,-0.001843
750,1.875,-0.6231,-0.002862
751,1.8775,-0.5005,-0.002299
752,1.88,-0.0887,-0.000407
753,1.8825,-0.0706,-0.000324
754,1.885,-0.4932,-0.002265
755,1.8875,-0.6622,-0.003042
756,1.89,-0.6995,-0.003213
757,1.8925,-0.5884,-0.002703
758,1.895,-0.3367,-0.001546
759,1.8975,-0.262,-0.001203
760,1.9,-0.1098,-0.000504
761,1.9025,-0.0515,-0.000237
762,1.905,-0.1766,-0.000811
763,1.9075,0.0243,0.000112
764,1.91,-0.3567,-0.001638
765,1.9125,-0.4786,-0.002198
766,1.915,0.0845,0.000388
767,1.9175,0.2428,0.001115
768,1.92,-0.0657,-0.000302
769,1.9225,-0.353,-0.001621
770,1.925,0.0603,0.000277
771,1.9275,0.0662,0.000304
772,1.93,0.3006,0.00138
773,1.9325,0.136,0.000625
774,1.935,-0.3593,-0.00165
775,1.9375,-0.2867,-0.001317
776,1.94,-0.0381,-0.000175
777,1.9425,-0.2854,-0.001311
778,1.945,-0.1487,-0.000683
779,1.9475,-0.2551,-0.001172
780,1.95,0.0195,9e-05
781,1.9525,0.1276,0.000586
782,1.955,-0.3252,-0.001494
783,1.9575,-0.8991,-0.00413
784,1.96,-1.0492,-0.004819
785,1.9625,-0.7805,-0.003585
786,1.965,-0.9048,-0.004156
787,1.9675,-0.9116,-0.004187
788,1.97,-0.8433,-0.003873
789,1.9725,-0.6161,-0.00283
790,1.975,-0.6804,-0.003125
791,1.9775,-1.4413,-0.00662
792,1.98,-1.4025,-0.006442
793,1.9825,-1.3205,-0.006065
794,1.985,-1.234,-0.005668
795,1.9875,-1.2539,-0.005759
796,1.99,-1.1946,-0.005487
797,1.9925,-1.4644,-0.006726
798,1.995,-1.504,-0.006908
799,1.9975,-1.3373,-0.006142
800,2.0,-1.4091,-0.006472
801,2.0025,-1.6263,-0.00747
802,2.005,-1.5703,-0.007212
803,2.0075,-1.0528,-0.004835
804,2.01,-1.1314,-0.005197
805,2.0125,-1.4309,-0.006572
806,2.015,-1.8104,-0.008315
807,2.0175,-2.1167,-0.009722
808,2.02,-2.2015,-0.010112
809,2.0225,-2.3269,-0.010687
810,2.025,-2.6531,-0.012186
811,2.0275,-2.2377,-0.010278
812,2.03,-1.9767,-0.009079
813,2.0325,-1.8609,-0.008547
814,2.035,-1.866,-0.00857
815,2.0375,-1.7757,-0.008156
816,2.04,-1.4098,-0.006475
817,2.0425,-1.065,-0.004892
818,2.045,-0.9836,-0.004518
819,2.0475,-1.1925,-0.005477
820,2.05,-1.4164,-0.006506
821,2.0525,-0.9666,-0.00444
822,2.055,-0.3957,-0.001818
823,2.0575,-0.3066,-0.001408
824,2.06,-0.1773,-0.000814
825,2.0625,-0.0672,-0.000309
826,2.065,-0.0629,-0.000289
827,2.0675,0.0622,0.000286
828,2.07,-0.2655,-0.001219
829,2.0725,0.1313,0.000603
830,2.075,0.405,0.00186
831,2.0775,0.5891,0.002706
832,2.08,0.688,0.00316
833,2.0825,0.5668,0.002603
834,2.085,0.5882,0.002702
835,2.0875,0.5372,0.002467
836,2.09,0.348,0.001598
837,2.0925,0.1924,0.000884
838,2.095,0.0996,0.000458
839,2.0975,-0.1085,-0.000498
840,2.1,0.0624,0.000287
841,2.1025,-0.3298,-0.001515
842,2.105,-0.9315,-0.004279
843,2.1075,-1.3446,-0.006176
844,2.11,-1.4772,-0.006785
845,2.1125,-1.2989,-0.005966
846,2.115,-1.4478,-0.00665
847,2.1175,-1.4698,-0.006751
848,2.12,-1.8416,-0.008458
849,2.1225,-1.8826,-0.008647
850,2.125,-1.8616,-0.00855
851,2.1275,-2.4325,-0.011172
852,2.13,-2.7929,-0.012828
853,2.1325,-2.408,-0.01106
854,2.135,-2.2762,-0.010454
855,2.1375,-2.8439,-0.013062
856,2.14,-2.6745,-0.012284
857,2.1425,-2.6794,-0.012306
858,2.145,-2.1994,-0.010102
859,2.1475,-2.7292,-0.012535
860,2.15,-2.8675,-0.013171
861,2.1525,-2.8538,-0.013108
862,2.155,-2.7077,-0.012436
863,2.1575,-2.0691,-0.009503
864,2.16,-1.8784,-0.008628
865,2.1625,-1.4345,-0.006589
866,2.165,-1.0653,-0.004893
867,2.1675,-0.8362,-0.003841
868,2.17,-1.2447,-0.005717
869,2.1725,-1.3694,-0.00629
870,2.175,-1.9743,-0.009068
871,2.1775,-2.3985,-0.011016
872,2.18,-2.6644,-0.012237
873,2.1825,-2.6336,-0.012096
874,2.185,-2.5935,-0.011912
875,2.1875,-2.7533,-0.012646
876,2.19,-3.0285,-0.01391
877,2.1925,-3.0611,-0.014059
878,2.195,-3.3364,-0.015324
879,2.1975,-3.9347,-0.018072
880,2.2,-3.7329,-0.017145
881,2.2025,-3.4462,-0.015828
882,2.205,-3.2245,-0.01481
883,2.2075,-3.3609,-0.015437
884,2.21,-3.3361,-0.015323
885,2.2125,-2.5496,-0.01171
886,2.215,-2.0599,-0.009461
887,2.2175,-2.1269,-0.009769
888,2.22,-2.2431,-0.010303
889,2.2225,-2.4073,-0.011057
890,2.225,-2.4357,-0.011187
891,2.2275,-2.2746,-0.010447
892,2.23,-2.4026,-0.011035
893,2.2325,-2.9791,-0.013683
894,2.235,-3.0246,-0.013892
895,2.2375,-2.928,-0.013448
896,2.24,-2.4296,-0.011159
897,2.2425,-2.4773,-0.011378
898,2.245,-2.7366,-0.012569
899,2.2475,-2.6758,-0.01229
900,2.25,-2.7517,-0.012638
901,2.2525,-2.7343,-0.012558
902,2.255,-2.7853,-0.012793
903,2.2575,-2.7564,-0.01266
904,2.26,-2.4342,-0.01118
905,2.2625,-2.2682,-0.010418
906,2.265,-1.8055,-0.008293
907,2.2675,-1.9431,-0.008925
908,2.27,-1.9484,-0.008949
909,2.2725,-2.0666,-0.009492
910,2.275,-1.8512,-0.008502
911,2.2775,-1.6951,-0.007786
912,2.28,-2.2199,-0.010196
913,2.2825,-2.8365,-0.013028
914,2.285,-3.321,-0.015253
915,2.2875,-3.9046,-0.017934
916,2.29,-4.3436,-0.01995
917,2.2925,-4.5182,-0.020752
918,2.295,-4.6863,-0.021524
919,2.2975,-4.8839,-0.022432
920,2.3,-5.0129,-0.023024
921,2.3025,-4.6298,-0.021265
922,2.305,-4.523,-0.020774
923,2.3075,-4.4531,-0.020453
924,2.31,-4.5283,-0.020798
925,2.3125,-4.6622,-0.021414
926,2.315,-4.7085,-0.021626
927,2.3175,-4.5993,-0.021125
928,2.32,-4.6661,-0.021431
929,2.3225,-4.4649,-0.020507
930,2.325,-4.1701,-0.019153
931,2.3275,-4.4021,-0.020219
932,2.33,-3.906,-0.01794
933,2.3325,-3.8778,-0.017811
934,2.335,-4.1077,-0.018867
935,2.3375,-3.8619,-0.017738
936,2.34,-3.9511,-0.018147
937,2.3425,-3.9167,-0.017989
938,2.345,-3.6569,-0.016796
939,2.3475,-3.7484,-0.017216
940,2.35,-3.7011,-0.016999
941,2.3525,-3.6561,-0.016792
942,2.355,-4.0103,-0.01842
943,2.3575,-4.1921,-0.019254
944,2.36,-4.145,-0.019038
945,2.3625,-3.6722,-0.016866
946,2.365,-3.6237,-0.016644
947,2.3675,-3.7887,-0.017402
948,2.37,-3.742,-0.017187
949,2.3725,-3.4956,-0.016056
950,2.375,-4.0321,-0.01852
951,2.3775,-4.2164,-0.019366
952,2.38,-4.31,-0.019796
953,2.3825,-4.1146,-0.018898
954,2.385,-4.0639,-0.018665
955,2.3875,-3.7584,-0.017262
956,2.39,-3.6401,-0.016719
957,2.3925,-3.8328,-0.017604
958,2.395,-3.5268,-0.016198
959,2.3975,-3.2103,-0.014745
960,2.4,-3.5112,-0.016127
961,2.4025,-4.1516,-0.019068
962,2.405,-3.8365,-0.017621
963,2.4075,-3.7162,-0.017069
964,2.41,-3.5749,-0.016419
965,2.4125,-3.1355,-0.014402
966,2.415,-2.9581,-0.013587
967,2.4175,-3.2388,-0.014876
968,2.42,-2.9769,-0.013673
969,2.4225,-3.0647,-0.014076
970,2.425,-3.2918,-0.015119
971,2.4275,-3.5017,-0.016084
972,2.43,-2.8917,-0.013281
973,2.4325,-2.5713,-0.01181
974,2.435,-2.6854,-0.012334
975,2.4375,-2.7776,-0.012758
976,2.44,-2.6214,-0.01204
977,2.4425,-3.0259,-0.013898
978,2.445,-2.9727,-0.013653
979,2.4475,-3.0077,-0.013815
980,2.45,-3.4405,-0.015802
981,2.4525,-3.6993,-0.016991
982,2.455,-3.5128,-0.016134
983,2.4575,-3.3152,-0.015227
984,2.46,-3.6628,-0.016823
985,2.4625,-3.6767,-0.016887
986,2.465,-3.7616,-0.017277
987,2.4675,-3.8899,-0.017866
988,2.47,-3.9615,-0.018195
989,2.4725,-3.6421,-0.016728
990,2.475,-3.3365,-0.015324
991,2.4775,-3.4524,-0.015857
992,2.48,-3.3072,-0.01519
993,2.4825,-3.2511,-0.014932
994,2.485,-3.4045,-0.015637
995,2.4875,-2.7787,-0.012763
996,2.49,-2.9836,-0.013704
997,2.4925,-3.0386,-0.013956
998,2.495,-3.179,-0.014601
999,2.4975,-3.4041,-0.015635
1000,2.5,-3.3321,-0.015304
1001,2.5025,-2.7563,-0.01266
1002,2.505,-3.1364,-0.014406
1003,2.5075,-3.3759,-0.015505
1004,2.51,-3.2516,-0.014935
1005,2.5125,-3.4488,-0.01584
1006,2.515,-3.3524,-0.015398
1007,2.5175,-3.9625,-0.0182
1008,2.52,-4.1487,-0.019055
1009,2.5225,-3.8976,-0.017902
1010,2.525,-3.508,-0.016112
1011,2.5275,-3.414,-0.01568
1012,2.53,-3.6031,-0.016549
1013,2.5325,-3.5432,-0.016274
1014,2.535,-3.3075,-0.015192
1015,2.5375,-3.2746,-0.01504
1016,2.54,-2.8174,-0.012941
1017,2.5425,-2.9453,-0.013528
1018,2.545,-2.983,-0.013701
1019,2.5475,-3.0285,-0.01391
1020,2.55,-3.0783,-0.014139
1021,2.5525,-3.0858,-0.014173
1022,2.555,-3.0214,-0.013877
1023,2.5575,-2.5738,-0.011822
1024,2.56,-2.4097,-0.011068
1025,2.5625,-1.9421,-0.00892
1026,2.565,-2.1813,-0.010019
1027,2.5675,-2.2533,-0.010349
1028,2.57,-2.1742,-0.009986
1029,2.5725,-2.3834,-0.010947
1030,2.575,-2.5063,-0.011511
1031,2.5775,-2.7585,-0.01267
1032,2.58,-2.5558,-0.011739
1033,2.5825,-2.6218,-0.012042
1034,2.585,-2.5479,-0.011703
1035,2.5875,-2.3272,-0.010689
1036,2.59,-2.3887,-0.010971
1037,2.5925,-1.9035,-0.008743
1038,2.595,-2.0442,-0.009389
1039,2.5975,-2.3861,-0.010959
1040,2.6,-2.6123,-0.011998
1041,2.6025,-2.3414,-0.010754
1042,2.605,-2.2536,-0.010351
1043,2.6075,-2.5048,-0.011505
1044,2.61,-2.4824,-0.011402
1045,2.6125,-2.535,-0.011643
1046,2.615,-2.4527,-0.011265
1047,2.6175,-2.1667,-0.009952
1048,2.62,-1.8152,-0.008337
1049,2.6225,-2.1378,-0.009819
1050,2.625,-2.2222,-0.010207
1051,2.6275,-2.0682,-0.009499
1052,2.63,-1.9707,-0.009051
1053,2.6325,-2.1903,-0.01006
1054,2.635,-2.3278,-0.010692
1055,2.6375,-2.2671,-0.010413
1056,2.64,-2.2522,-0.010344
1057,2.6425,-2.2932,-0.010533
1058,2.645,-2.6111,-0.011993
1059,2.6475,-2.2712,-0.010432
1060,2.65,-2.0613,-0.009468
1061,2.6525,-1.6228,-0.007453
1062,2.655,-1.8114,-0.00832
1063,2.6575,-1.5468,-0.007104
1064,2.66,-1.4517,-0.006668
1065,2.6625,-1.2957,-0.005951
1066,2.665,-1.605,-0.007372
1067,2.6675,-1.571,-0.007216
1068,2.67,-1.6372,-0.007519
1069,2.6725,-1.4081,-0.006468
1070,2.675,-1.0941,-0.005025
1071,2.6775,-1.3862,-0.006367
1072,2.68,-1.567,-0.007197
1073,2.6825,-1.551,-0.007124
1074,2.685,-1.2967,-0.005956
1075,2.6875,-1.2692,-0.00583
1076,2.69,-1.4955,-0.006869
1077,2.6925,-1.6909,-0.007766
1078,2.695,-1.4029,-0.006444
1079,2.6975,-1.234,-0.005668
1080,2.7,-1.0275,-0.004719
1081,2.7025,-1.3638,-0.006264
1082,2.705,-1.491,-0.006848
1083,2.7075,-1.0064,-0.004622
1084,2.71,-0.8858,-0.004068
1085,2.7125,-0.9917,-0.004555
1086,2.715,-1.294,-0.005944
1087,2.7175,-1.7806,-0.008178
1088,2.72,-1.9004,-0.008729
1089,2.7225,-2.0544,-0.009436
1090,2.725,-2.3275,-0.01069
1091,2.7275,-2.1071,-0.009678
1092,2.73,-2.2119,-0.010159
1093,2.7325,-1.9364,-0.008894
1094,2.735,-2.1828,-0.010026
1095,2.7375,-1.8399,-0.008451
1096,2.74,-1.805,-0.00829
1097,2.7425,-1.2234,-0.005619
1098,2.745,-0.8465,-0.003888
1099,2.7475,-0.8289,-0.003807
1100,2.75,-0.8276,-0.003801
1101,2.7525,-1.169,-0.005369
1102,2.755,-1.4345,-0.006589
1103,2.7575,-1.5363,-0.007056
1104,2.76,-1.5123,-0.006946
1105,2.7625,-1.3342,-0.006128
1106,2.765,-1.2824,-0.00589
1107,2.7675,-1.0793,-0.004957
1108,2.77,-0.778,-0.003573
1109,2.7725,-0.4247,-0.001951
1110,2.775,-0.4785,-0.002198
1111,2.7775,0.2676,0.001229
1112,2.78,0.6945,0.00319
1113,2.7825,0.4605,0.002115
1114,2.785,-0.024,-0.00011
1115,2.7875,0.2988,0.001372
1116,2.79,0.446,0.002048
1117,2.7925,0.551,0.002531
1118,2.795,0.5285,0.002427
1119,2.7975,0.6801,0.003124
1120,2.8,0.7867,0.003613
1121,2.8025,1.2297,0.005648
1122,2.805,1.3495,0.006198
1123,2.8075,1.2195,0.005601
1124,2.81,1.4417,0.006622
1125,2.8125,1.5033,0.006904
1126,2.815,1.3506,0.006203
1127,2.8175,1.2444,0.005715
1128,2.82,1.1046,0.005074
1129,2.8225,1.236,0.005677
1130,2.825,1.344,0.006173
1131,2.8275,1.2986,0.005964
1132,2.83,1.0376,0.004766
1133,2.8325,0.9529,0.004376
1134,2.835,1.1343,0.00521
1135,2.8375,1.7873,0.008209
1136,2.84,1.5363,0.007056
1137,2.8425,1.5568,0.007151
1138,2.845,1.3288,0.006103
1139,2.8475,1.2402,0.005696
1140,2.85,1.2646,0.005809
1141,2.8525,1.2267,0.005634
1142,2.855,1.0275,0.004719
1143,2.8575,1.0859,0.004988
1144,2.86,0.6554,0.00301
1145,2.8625,0.6629,0.003045
1146,2.865,0.6776,0.003112
1147,2.8675,0.7152,0.003285
1148,2.87,0.8694,0.003993
1149,2.8725,1.0794,0.004957
1150,2.875,0.8338,0.00383
1151,2.8775,0.6542,0.003005
1152,2.88,0.2772,0.001273
1153,2.8825,0.4224,0.00194
1154,2.885,0.8568,0.003935
1155,2.8875,0.9395,0.004315
1156,2.89,0.9553,0.004388
1157,2.8925,0.9875,0.004536
1158,2.895,0.7042,0.003234
1159,2.8975,-0.0363,-0.000167
1160,2.9,0.2016,0.000926
1161,2.9025,0.198,0.000909
1162,2.905,0.259,0.00119
1163,2.9075,0.1912,0.000878
1164,2.91,-0.0812,-0.000373
1165,2.9125,-0.1013,-0.000465
1166,2.915,-0.0678,-0.000312
1167,2.9175,-0.4069,-0.001869
1168,2.92,-0.6638,-0.003049
1169,2.9225,-0.6543,-0.003005
1170,2.925,-0.0167,-7.7e-05
1171,2.9275,0.4933,0.002266
1172,2.93,0.3704,0.001701
1173,2.9325,0.4349,0.001998
1174,2.935,0.3806,0.001748
1175,2.9375,0.5314,0.002441
1176,2.94,0.3264,0.001499
1177,2.9425,0.0426,0.000196
1178,2.945,-0.0056,-2.6e-05
1179,2.9475,-0.0043,-2e-05
1180,2.95,0.039,0.000179
1181,2.9525,0.3249,0.001492
1182,2.955,0.1169,0.000537
1183,2.9575,-0.0108,-5e-05
1184,2.96,-0.308,-0.001414
1185,2.9625,-0.5797,-0.002662
1186,2.965,-0.7051,-0.003239
1187,2.9675,-0.8336,-0.003829
1188,2.97,-0.4058,-0.001864
1189,2.9725,0.2522,0.001158
1190,2.975,0.2256,0.001036
1191,2.9775,0.4475,0.002056
1192,2.98,0.7543,0.003464
1193,2.9825,0.8111,0.003726
1194,2.985,0.8685,0.003989
1195,2.9875,0.9779,0.004492
1196,2.99,1.0949,0.005029
1197,2.9925,1.2573,0.005775
1198,2.995,1.2005,0.005514
1199,2.9975,1.399,0.006426
1200,3.0,1.3281,0.0061
1201,3.0025,1.4902,0.006845
1202,3.005,1.7584,0.008077
1203,3.0075,1.895,0.008704
1204,3.01,1.7693,0.008126
1205,3.0125,2.0473,0.009403
1206,3.015,1.9071,0.008759
1207,3.0175,1.8251,0.008383
1208,3.02,1.7843,0.008195
1209,3.0225,1.4916,0.006851
1210,3.025,0.9999,0.004592
1211,3.0275,0.8494,0.003901
1212,3.03,1.2759,0.00586
1213,3.0325,1.1704,0.005375
1214,3.035,0.3857,0.001772
1215,3.0375,0.3709,0.001704
1216,3.04,0.0443,0.000204
1217,3.0425,0.3294,0.001513
1218,3.045,0.7478,0.003435
1219,3.0475,0.8644,0.00397
1220,3.05,0.762,0.0035
1221,3.0525,1.0594,0.004866
1222,3.055,1.0628,0.004882
1223,3.0575,0.9358,0.004298
1224,3.06,0.904,0.004152
1225,3.0625,1.2214,0.00561
1226,3.065,1.4384,0.006606
1227,3.0675,1.1552,0.005306
1228,3.07,1.4555,0.006685
1229,3.0725,1.5884,0.007295
1230,3.075,1.8701,0.00859
1231,3.0775,1.9279,0.008855
1232,3.08,2.0706,0.00951
1233,3.0825,2.005,0.009209
1234,3.085,2.3266,0.010686
1235,3.0875,2.3774,0.010919
1236,3.09,1.9302,0.008866
1237,3.0925,1.7371,0.007978
1238,3.095,1.0966,0.005037
1239,3.0975,1.0812,0.004966
1240,3.1,1.4782,0.006789
1241,3.1025,1.2838,0.005897
1242,3.105,1.1991,0.005507
1243,3.1075,1.3119,0.006025
1244,3.11,1.4302,0.006569
1245,3.1125,1.2656,0.005813
1246,3.115,1.1004,0.005054
1247,3.1175,1.1004,0.005054
1248,3.12,1.2796,0.005877
1249,3.1225,1.4878,0.006833
1250,3.125,1.6841,0.007735
1251,3.1275,1.2259,0.005631
1252,3.13,1.1457,0.005262
1253,3.1325,0.904,0.004152
1254,3.135,1.041,0.004781
1255,3.1375,0.7303,0.003354
1256,3.14,0.4691,0.002155
1257,3.1425,0.6124,0.002813
1258,3.145,0.6053,0.00278
1259,3.1475,0.7421,0.003409
1260,3.15,0.7144,0.003281
1261,3.1525,0.6174,0.002836
1262,3.155,0.5829,0.002677
1263,3.1575,0.9186,0.004219
1264,3.16,0.7317,0.003361
1265,3.1625,0.4707,0.002162
1266,3.165,0.2517,0.001156
1267,3.1675,0.446,0.002048
1268,3.17,0.1658,0.000762
1269,3.1725,-0.3999,-0.001837
1270,3.175,-0.7636,-0.003507
1271,3.1775,-1.0311,-0.004736
1272,3.18,-0.8636,-0.003967
1273,3.1825,-0.3281,-0.001507
1274,3.185,-0.1708,-0.000785
1275,3.1875,-0.6014,-0.002762
1276,3.19,-0.4451,-0.002044
1277,3.1925,-0.373,-0.001713
1278,3.195,-0.3858,-0.001772
1279,3.1975,-0.0372,-0.000171
1280,3.2,0.3428,0.001575
1281,3.2025,0.2287,0.00105
1282,3.205,0.3357,0.001542
1283,3.2075,0.0219,0.000101
1284,3.21,-0.2597,-0.001193
1285,3.2125,-0.2744,-0.00126
1286,3.215,-0.1471,-0.000675
1287,3.2175,-0.255,-0.001171
1288,3.22,-0.2299,-0.001056
1289,3.2225,-0.0235,-0.000108
1290,3.225,0.1225,0.000563
1291,3.2275,0.6122,0.002812
1292,3.23,0.6485,0.002979
1293,3.2325,0.6996,0.003213
1294,3.235,0.6557,0.003012
1295,3.2375,1.0198,0.004684
1296,3.24,0.7611,0.003496
1297,3.2425,0.9353,0.004296
1298,3.245,0.7441,0.003418
1299,3.2475,0.6424,0.00295
1300,3.25,0.5421,0.00249
1301,3.2525,0.7298,0.003352
1302,3.255,0.7285,0.003346
1303,3.2575,0.5012,0.002302
1304,3.26,0.2345,0.001077
1305,3.2625,0.2193,0.001007
1306,3.265,0.2166,0.000995
1307,3.2675,0.1133,0.00052
1308,3.27,-0.0105,-4.8e-05
1309,3.2725,0.4441,0.00204
1310,3.275,0.0915,0.00042
1311,3.2775,0.1923,0.000883
1312,3.28,0.6233,0.002863
1313,3.2825,0.8963,0.004117
1314,3.285,0.9937,0.004564
1315,3.2875,1.2345,0.00567
1316,3.29,1.2952,0.005949
1317,3.2925,0.9913,0.004553
1318,3.295,1.4935,0.006859
1319,3.2975,1.8479,0.008487
1320,3.3,1.6328,0.0075
1321,3.3025,1.5569,0.007151
1322,3.305,1.7198,0.007899
1323,3.3075,1.5421,0.007083
1324,3.31,1.5113,0.006941
1325,3.3125,1.621,0.007445
1326,3.315,1.8406,0.008454
1327,3.3175,1.9028,0.00874
1328,3.32,1.9891,0.009136
1329,3.3225,1.7879,0.008212
1330,3.325,1.0778,0.00495
1331,3.3275,1.0397,0.004776
1332,3.33,1.0901,0.005007
1333,3.3325,1.2391,0.005691
1334,3.335,0.946,0.004345
1335,3.3375,1.0572,0.004856
1336,3.34,1.7449,0.008014
1337,3.3425,1.7992,0.008264
1338,3.345,1.5969,0.007334
1339,3.3475,1.5385,0.007066
1340,3.35,1.9663,0.009031
1341,3.3525,2.277,0.010458
1342,3.355,2.5586,0.011752
1343,3.3575,2.2127,0.010163
1344,3.36,2.0699,0.009507
1345,3.3625,2.0959,0.009627
1346,3.365,2.2048,0.010127
1347,3.3675,2.422,0.011124
1348,3.37,2.0838,0.009571
1349,3.3725,1.8023,0.008278
1350,3.375,1.5262,0.00701
1351,3.3775,1.789,0.008217
1352,3.38,1.6621,0.007634
1353,3.3825,1.4308,0.006572
1354,3.385,1.6016,0.007356
1355,3.3875,1.7045,0.007829
1356,3.39,1.9031,0.008741
1357,3.3925,1.7033,0.007823
1358,3.395,1.6062,0.007377
1359,3.3975,1.2486,0.005735
1360,3.4,1.4617,0.006714
1361,3.4025,1.6533,0.007594
1362,3.405,1.398,0.006421
1363,3.4075,1.1537,0.005299
1364,3.41,1.4815,0.006804
1365,3.4125,1.5104,0.006937
1366,3.415,0.7833,0.003598
1367,3.4175,1.0238,0.004702
1368,3.42,1.4981,0.006881
1369,3.4225,1.6492,0.007575
1370,3.425,1.5048,0.006911
1371,3.4275,1.6447,0.007554
1372,3.43,1.0694,0.004912
1373,3.4325,1.0073,0.004626
1374,3.435,0.9593,0.004406
1375,3.4375,1.1807,0.005423
1376,3.44,1.4958,0.00687
1377,3.4425,1.4269,0.006554
1378,3.445,1.5349,0.00705
1379,3.4475,1.8283,0.008397
1380,3.45,1.8661,0.008571
1381,3.4525,2.1401,0.00983
1382,3.455,2.3434,0.010763
1383,3.4575,2.501,0.011487
1384,3.46,2.5586,0.011752
1385,3.4625,2.5229,0.011588
1386,3.465,2.97,0.013641
1387,3.4675,3.4866,0.016014
1388,3.47,3.2522,0.014938
1389,3.4725,3.3038,0.015174
1390,3.475,3.2347,0.014857
1391,3.4775,3.0489,0.014003
1392,3.48,3.0321,0.013926
1393,3.4825,3.4195,0.015706
1394,3.485,3.6958,0.016975
1395,3.4875,3.31,0.015203
1396,3.49,4.078,0.01873
1397,3.4925,3.9265,0.018034
1398,3.495,3.6901,0.016948
1399,3.4975,3.6703,0.016858
1400,3.5,3.8889,0.017862
1401,3.5025,4.1027,0.018844
1402,3.505,3.9902,0.018327
1403,3.5075,3.9714,0.018241
1404,3.51,4.0772,0.018727
1405,3.5125,4.5381,0.020844
1406,3.515,4.7576,0.021852
1407,3.5175,4.5198,0.020759
1408,3.52,4.1857,0.019225
1409,3.5225,4.0493,0.018599
1410,3.525,4.17,0.019153
1411,3.5275,4.1392,0.019011
1412,3.53,3.9721,0.018244
1413,3.5325,4.1473,0.019048
1414,3.535,4.4799,0.020576
1415,3.5375,4.5971,0.021115
1416,3.54,4.6619,0.021412
1417,3.5425,4.8653,0.022346
1418,3.545,4.9948,0.022941
1419,3.5475,5.1161,0.023498
1420,3.55,5.3193,0.024431
1421,3.5525,5.41,0.024848
1422,3.555,5.0682,0.023278
1423,3.5575,5.0151,0.023034
1424,3.56,5.2839,0.024269
1425,3.5625,5.0797,0.023331
1426,3.565,4.8222,0.022148
1427,3.5675,4.5636,0.02096
1428,3.57,4.3484,0.019972
1429,3.5725,4.4799,0.020576
1430,3.575,4.3203,0.019843
1431,3.5775,4.3974,0.020197
1432,3.58,4.6737,0.021466
1433,3.5825,5.3239,0.024453
1434,3.585,5.3176,0.024424
1435,3.5875,5.015,0.023034
1436,3.59,4.7786,0.021948
1437,3.5925,4.7393,0.021768
1438,3.595,4.3212,0.019847
1439,3.5975,4.3176,0.019831
1440,3.6,4.2755,0.019638
1441,3.6025,4.0756,0.018719
1442,3.605,4.3262,0.01987
1443,3.6075,4.5102,0.020716
1444,3.61,4.1733,0.019168
1445,3.6125,4.6537,0.021375
1446,3.615,4.6552,0.021382
1447,3.6175,5.1523,0.023665
1448,3.62,5.5987,0.025715
1449,3.6225,5.4029,0.024816
1450,3.625,5.1544,0.023674
1451,3.6275,4.759,0.021858
1452,3.63,4.8085,0.022085
1453,3.6325,5.3507,0.024576
1454,3.635,5.181,0.023796
1455,3.6375,5.3104,0.024391
1456,3.64,5.1365,0.023592
1457,3.6425,5.6353,0.025883
1458,3.645,5.1641,0.023719
1459,3.6475,5.3365,0.02451
1460,3.65,4.9245,0.022618
1461,3.6525,4.8431,0.022244
1462,3.655,5.001,0.022969
1463,3.6575,4.3877,0.020153
1464,3.66,4.6532,0.021372
1465,3.6625,4.8134,0.022108
1466,3.665,4.8107,0.022096
1467,3.6675,4.6863,0.021524
1468,3.67,4.6538,0.021375
1469,3.6725,4.5516,0.020905
1470,3.675,4.3541,0.019998
1471,3.6775,4.1055,0.018856
1472,3.68,3.7594,0.017267
1473,3.6825,3.3754,0.015503
1474,3.685,3.5429,0.016272
1475,3.6875,3.2339,0.014853
1476,3.69,3.0944,0.014213
1477,3.6925,3.0858,0.014173
1478,3.695,3.1222,0.01434
1479,3.6975,3.4728,0.015951
1480,3.7,3.756,0.017251
1481,3.7025,3.322,0.015258
1482,3.705,3.0005,0.013781
1483,3.7075,3.0619,0.014063
1484,3.71,3.2533,0.014942
1485,3.7125,3.6544,0.016785
1486,3.715,3.1765,0.01459
1487,3.7175,3.1876,0.014641
1488,3.72,3.7674,0.017304
1489,3.7225,3.3239,0.015266
1490,3.725,3.0356,0.013942
1491,3.7275,2.6826,0.012321
1492,3.73,2.7573,0.012664
1493,3.7325,3.089,0.014188
1494,3.735,3.2337,0.014852
1495,3.7375,3.0456,0.013989
1496,3.74,2.8968,0.013305
1497,3.7425,3.1601,0.014514
1498,3.745,3.3538,0.015404
1499,3.7475,3.3282,0.015286
1500,3.75,3.2923,0.015121
1501,3.7525,3.52,0.016167
1502,3.755,3.467,0.015924
1503,3.7575,3.4166,0.015692
1504,3.76,3.4832,0.015998
1505,3.7625,3.0284,0.01391
1506,3.765,3.3664,0.015462
1507,3.7675,3.4761,0.015966
1508,3.77,3.8628,0.017742
1509,3.7725,4.2981,0.019741
1510,3.775,4.2259,0.01941
1511,3.7775,4.1709,0.019157
1512,3.78,4.4344,0.020367
1513,3.7825,3.9629,0.018202
1514,3.785,3.5918,0.016497
1515,3.7875,2.99,0.013733
1516,3.79,3.2895,0.015109
1517,3.7925,3.3789,0.015519
1518,3.795,3.0549,0.014031
1519,3.7975,3.2,0.014698
1520,3.8,3.6093,0.016578
1521,3.8025,3.5879,0.016479
1522,3.805,3.0024,0.01379
1523,3.8075,3.2562,0.014956
1524,3.81,3.213,0.014757
1525,3.8125,3.2937,0.015128
1526,3.815,3.2124,0.014755
1527,3.8175,3.4056,0.015642
1528,3.82,3.546,0.016287
1529,3.8225,3.3307,0.015298
1530,3.825,3.6455,0.016744
1531,3.8275,3.1717,0.014567
1532,3.83,3.0098,0.013824
1533,3.8325,2.9478,0.013539
1534,3.835,3.0312,0.013922
1535,3.8375,3.0964,0.014222
1536,3.84,2.7135,0.012463
1537,3.8425,3.0193,0.013868
1538,3.845,2.6733,0.012279
1539,3.8475,2.6785,0.012302
1540,3.85,3.094,0.014211
1541,3.8525,2.9013,0.013326
1542,3.855,3.6257,0.016653
1543,3.8575,3.4797,0.015982
1544,3.86,3.5111,0.016126
1545,3.8625,2.7986,0.012854
1546,3.865,2.9995,0.013777
1547,3.8675,2.8835,0.013244
1548,3.87,3.1651,0.014537
1549,3.8725,3.0009,0.013783
1550,3.875,2.9667,0.013626
1551,3.8775,3.0572,0.014042
1552,3.88,3.2303,0.014837
1553,3.8825,3.1713,0.014566
1554,3.885,3.1311,0.014381
1555,3.8875,2.7054,0.012426
1556,3.89,2.5448,0.011688
1557,3.8925,2.5313,0.011626
1558,3.895,2.4673,0.011332
1559,3.8975,2.4248,0.011137
1560,3.9,2.2252,0.01022
1561,3.9025,2.5402,0.011667
1562,3.905,2.7191,0.012489
1563,3.9075,2.4247,0.011137
1564,3.91,2.1328,0.009796
1565,3.9125,2.2288,0.010237
1566,3.915,2.1398,0.009828
1567,3.9175,2.3909,0.010981
1568,3.92,2.129,0.009778
1569,3.9225,1.7078,0.007844
1570,3.925,1.576,0.007239
1571,3.9275,1.473,0.006765
1572,3.93,1.7226,0.007912
1573,3.9325,1.2782,0.005871
1574,3.935,1.107,0.005085
1575,3.9375,1.1289,0.005185
1576,3.94,1.044,0.004795
1577,3.9425,1.3094,0.006014
1578,3.945,1.3567,0.006231
1579,3.9475,1.1764,0.005403
1580,3.95,1.1335,0.005206
1581,3.9525,1.3015,0.005978
1582,3.955,1.0936,0.005023
1583,3.9575,0.8548,0.003926
1584,3.96,0.9331,0.004286
1585,3.9625,0.8101,0.003721
1586,3.965,0.6871,0.003156
1587,3.9675,0.6827,0.003136
1588,3.97,0.5147,0.002364
1589,3.9725,0.4369,0.002007
1590,3.975,0.7604,0.003493
1591,3.9775,0.2824,0.001297
1592,3.98,0.1371,0.00063
1593,3.9825,0.3025,0.001389
1594,3.985,0.3188,0.001464
1595,3.9875,0.8101,0.003721
1596,3.99,1.0332,0.004745
1597,3.9925,1.0714,0.004921
1598,3.995,0.9245,0.004246
1599,3.9975,1.0112,0.004644
1600,4.0,1.0568,0.004854
1601,4.0025,0.9638,0.004427
1602,4.005,0.9078,0.00417
1603,4.0075,1.1678,0.005364
1604,4.01,0.9709,0.00446
1605,4.0125,0.6045,0.002776
1606,4.015,0.907,0.004166
1607,4.0175,0.945,0.004341
1608,4.02,1.3509,0.006204
1609,4.0225,1.0983,0.005045
1610,4.025,1.3876,0.006373
1611,4.0275,1.0443,0.004797
1612,4.03,1.0072,0.004626
1613,4.0325,0.5669,0.002604
1614,4.035,0.1324,0.000608
1615,4.0375,-0.3532,-0.001622
1616,4.04,-0.1453,-0.000667
1617,4.0425,-0.703,-0.003229
1618,4.045,-0.6944,-0.00319
1619,4.0475,-1.6608,-0.007628
1620,4.05,-1.6633,-0.007639
1621,4.0525,-1.9962,-0.009169
1622,4.055,-1.5712,-0.007216
1623,4.0575,-1.314,-0.006035
1624,4.06,-1.2836,-0.005896
1625,4.0625,-1.1349,-0.005212
1626,4.065,-0.9062,-0.004162
1627,4.0675,-1.0181,-0.004676
1628,4.07,-1.0792,-0.004957
1629,4.0725,-1.157,-0.005314
1630,4.075,-1.3275,-0.006097
1631,4.0775,-1.4448,-0.006636
1632,4.08,-1.6166,-0.007425
1633,4.0825,-1.5893,-0.0073
1634,4.085,-1.4478,-0.00665
1635,4.0875,-1.3364,-0.006138
1636,4.09,-1.4876,-0.006833
1637,4.0925,-1.2123,-0.005568
1638,4.095,-1.9866,-0.009124
1639,4.0975,-1.6169,-0.007426
1640,4.1,-1.6286,-0.00748
1641,4.1025,-1.4575,-0.006694
1642,4.105,-1.4774,-0.006786
1643,4.1075,-1.7045,-0.007829
1644,4.11,-1.8189,-0.008354
1645,4.1125,-1.3932,-0.006399
1646,4.115,-1.8421,-0.008461
1647,4.1175,-2.131,-0.009788
1648,4.12,-2.115,-0.009714
1649,4.1225,-1.7386,-0.007986
1650,4.125,-1.7669,-0.008115
1651,4.1275,-1.883,-0.008648
1652,4.13,-2.2473,-0.010322
1653,4.1325,-2.3862,-0.01096
1654,4.135,-2.2019,-0.010113
1655,4.1375,-2.2707,-0.010429
1656,4.14,-2.3449,-0.01077
1657,4.1425,-1.8863,-0.008664
1658,4.145,-1.3703,-0.006294
1659,4.1475,-1.214,-0.005576
1660,4.15,-1.1739,-0.005392
1661,4.1525,-1.1034,-0.005068
1662,4.155,-1.4011,-0.006435
1663,4.1575,-1.44,-0.006614
1664,4.16,-1.6507,-0.007582
1665,4.1625,-1.1052,-0.005076
1666,4.165,-0.8695,-0.003994
1667,4.1675,-0.7926,-0.003641
1668,4.17,-0.7111,-0.003266
1669,4.1725,-0.4089,-0.001878
1670,4.175,-0.1251,-0.000575
1671,4.1775,0.1889,0.000868
1672,4.18,-0.1117,-0.000513
1673,4.1825,0.1101,0.000506
1674,4.185,0.5999,0.002755
1675,4.1875,0.6253,0.002872
1676,4.19,0.9994,0.00459
1677,4.1925,0.9238,0.004243
1678,4.195,0.9756,0.004481
1679,4.1975,1.2261,0.005632
1680,4.2,1.6953,0.007787
1681,4.2025,2.0086,0.009226
1682,4.205,1.957,0.008988
1683,4.2075,2.0762,0.009536
1684,4.21,1.6492,0.007575
1685,4.2125,1.0958,0.005033
1686,4.215,0.8916,0.004095
1687,4.2175,0.9909,0.004551
1688,4.22,1.5231,0.006995
1689,4.2225,1.7289,0.007941
1690,4.225,2.3063,0.010593
1691,4.2275,2.3545,0.010814
1692,4.23,2.1682,0.009959
1693,4.2325,2.091,0.009604
1694,4.235,2.1772,0.01
1695,4.2375,2.1527,0.009887
1696,4.24,1.8035,0.008283
1697,4.2425,2.0515,0.009422
1698,4.245,1.7601,0.008084
1699,4.2475,1.8609,0.008547
1700,4.25,1.907,0.008759
1701,4.2525,2.1025,0.009657
1702,4.255,1.6683,0.007663
1703,4.2575,1.3822,0.006349
1704,4.26,1.7054,0.007833
1705,4.2625,1.6758,0.007697
1706,4.265,1.8174,0.008347
1707,4.2675,1.7433,0.008007
1708,4.27,2.0002,0.009187
1709,4.2725,2.1021,0.009655
1710,4.275,2.1679,0.009957
1711,4.2775,1.9282,0.008856
1712,4.28,1.5278,0.007017
1713,4.2825,1.5363,0.007056
1714,4.285,1.6017,0.007357
1715,4.2875,1.9373,0.008898
1716,4.29,2.0289,0.009319
1717,4.2925,2.3588,0.010834
1718,4.295,2.509,0.011524
1719,4.2975,2.6107,0.011991
1720,4.3,1.9732,0.009063
1721,4.3025,1.9342,0.008884
1722,4.305,1.445,0.006637
1723,4.3075,1.4617,0.006714
1724,4.31,1.3924,0.006395
1725,4.3125,1.3117,0.006025
1726,4.315,1.4386,0.006607
1727,4.3175,1.3371,0.006141
1728,4.32,1.2979,0.005961
1729,4.3225,0.6514,0.002992
1730,4.325,0.6105,0.002804
1731,4.3275,0.8854,0.004067
1732,4.33,1.2874,0.005913
1733,4.3325,1.3863,0.006367
1734,4.335,1.2711,0.005838
1735,4.3375,1.3755,0.006318
1736,4.34,1.6512,0.007584
1737,4.3425,1.5996,0.007347
1738,4.345,1.4072,0.006463
1739,4.3475,1.0639,0.004887
1740,4.35,1.1352,0.005214
1741,4.3525,1.035,0.004754
1742,4.355,1.0824,0.004971
1743,4.3575,0.6825,0.003135
1744,4.36,0.2317,0.001064
1745,4.3625,0.3942,0.001811
1746,4.365,0.3281,0.001507
1747,4.3675,-0.0922,-0.000423
1748,4.37,-0.5419,-0.002489
1749,4.3725,-0.6277,-0.002883
1750,4.375,-0.1316,-0.000604
1751,4.3775,-0.2922,-0.001342
1752,4.38,-0.4412,-0.002027
1753,4.3825,-0.5329,-0.002448
1754,4.385,-0.3162,-0.001452
1755,4.3875,-0.409,-0.001879
1756,4.39,-0.181,-0.000831
1757,4.3925,-0.161,-0.000739
1758,4.395,-0.1877,-0.000862
1759,4.3975,-0.0352,-0.000162
1760,4.4,0.3609,0.001658
1761,4.4025,-0.4627,-0.002125
1762,4.405,-0.3993,-0.001834
1763,4.4075,-0.796,-0.003656
1764,4.41,-1.0056,-0.004619
1765,4.4125,-0.5474,-0.002514
1766,4.415,-0.2913,-0.001338
1767,4.4175,-0.494,-0.002269
1768,4.42,-0.272,-0.001249
1769,4.4225,0.1049,0.000482
1770,4.425,0.2713,0.001246
1771,4.4275,0.4232,0.001944
1772,4.43,0.4614,0.002119
1773,4.4325,0.4151,0.001906
1774,4.435,0.6509,0.002989
1775,4.4375,0.5614,0.002579
1776,4.44,0.2219,0.001019
1777,4.4425,-0.0615,-0.000283
1778,4.445,-0.0458,-0.00021
1779,4.4475,0.3576,0.001643
1780,4.45,0.3635,0.00167
1781,4.4525,0.0761,0.000349
1782,4.455,-0.3008,-0.001381
1783,4.4575,-0.1051,-0.000483
1784,4.46,-0.5224,-0.002399
1785,4.4625,-0.8894,-0.004085
1786,4.465,-0.5701,-0.002619
1787,4.4675,-0.5881,-0.002701
1788,4.47,-0.4477,-0.002056
1789,4.4725,-0.1544,-0.000709
1790,4.475,0.1562,0.000717
1791,4.4775,0.0474,0.000218
1792,4.48,-0.3205,-0.001472
1793,4.4825,-0.6406,-0.002942
1794,4.485,-0.8077,-0.00371
1795,4.4875,-0.4337,-0.001992
1796,4.49,-0.2336,-0.001073
1797,4.4925,-0.2395,-0.0011
1798,4.495,-0.1574,-0.000723
1799,4.4975,-0.2818,-0.001294
1800,4.5,-0.1646,-0.000756
1801,4.5025,-0.0994,-0.000456
1802,4.505,0.0491,0.000225
1803,4.5075,-0.1671,-0.000768
1804,4.51,-0.0619,-0.000284
1805,4.5125,0.1386,0.000637
1806,4.515,0.2152,0.000989
1807,4.5175,0.1558,0.000715
1808,4.52,0.2172,0.000998
1809,4.5225,0.1765,0.000811
1810,4.525,0.2668,0.001225
1811,4.5275,0.3925,0.001803
1812,4.53,0.2907,0.001335
1813,4.5325,0.6195,0.002845
1814,4.535,0.2251,0.001034
1815,4.5375,0.6064,0.002785
1816,4.54,0.4127,0.001895
1817,4.5425,0.2069,0.00095
1818,4.545,0.0746,0.000343
1819,4.5475,0.3262,0.001498
1820,4.55,0.0889,0.000408
1821,4.5525,-0.0271,-0.000124
1822,4.555,-0.1048,-0.000481
1823,4.5575,-0.1498,-0.000688
1824,4.56,-0.8031,-0.003688
1825,4.5625,-0.7896,-0.003626
1826,4.565,-0.3138,-0.001441
1827,4.5675,-0.6139,-0.002819
1828,4.57,-0.3777,-0.001735
1829,4.5725,-0.2501,-0.001149
1830,4.575,-0.0499,-0.000229
1831,4.5775,-0.4767,-0.002189
1832,4.58,-0.4595,-0.00211
1833,4.5825,-0.4822,-0.002215
1834,4.585,-0.9454,-0.004342
1835,4.5875,-0.9051,-0.004157
1836,4.59,-0.8098,-0.00372
1837,4.5925,-0.4948,-0.002273
1838,4.595,-0.3608,-0.001657
1839,4.5975,-0.1624,-0.000746
1840,4.6,-0.4549,-0.002089
1841,4.6025,-0.3149,-0.001446
1842,4.605,-0.1072,-0.000492
1843,4.6075,-0.1388,-0.000637
1844,4.61,-0.4201,-0.00193
1845,4.6125,-0.5153,-0.002367
1846,4.615,-0.4827,-0.002217
1847,4.6175,-0.5047,-0.002318
1848,4.62,-0.822,-0.003775
1849,4.6225,-0.7567,-0.003475
1850,4.625,-0.77,-0.003537
1851,4.6275,-0.7421,-0.003408
1852,4.63,-0.7168,-0.003292
1853,4.6325,-0.5332,-0.002449
1854,4.635,-0.4904,-0.002252
1855,4.6375,-0.3685,-0.001693
1856,4.64,0.126,0.000579
1857,4.6425,0.1856,0.000852
1858,4.645,0.2544,0.001168
1859,4.6475,-0.0223,-0.000102
1860,4.65,-0.3828,-0.001758
1861,4.6525,0.2793,0.001283
1862,4.655,0.2762,0.001269
1863,4.6575,0.1795,0.000824
1864,4.66,0.05,0.00023
1865,4.6625,-0.0655,-0.000301
1866,4.665,-0.1068,-0.00049
1867,4.6675,-0.915,-0.004203
1868,4.67,-0.9786,-0.004495
1869,4.6725,-0.744,-0.003417
1870,4.675,-0.9678,-0.004445
1871,4.6775,-0.9128,-0.004192
1872,4.68,-1.1828,-0.005432
1873,4.6825,-1.2044,-0.005532
1874,4.685,-1.2843,-0.005899
1875,4.6875,-1.452,-0.006669
1876,4.69,-1.5489,-0.007114
1877,4.6925,-1.565,-0.007188
1878,4.695,-1.553,-0.007133
1879,4.6975,-1.7552,-0.008062
1880,4.7,-1.7424,-0.008003
1881,4.7025,-1.8521,-0.008507
1882,4.705,-1.5753,-0.007235
1883,4.7075,-1.3844,-0.006358
1884,4.71,-1.192,-0.005475
1885,4.7125,-0.9231,-0.00424
1886,4.715,-1.1807,-0.005423
1887,4.7175,-1.522,-0.00699
1888,4.72,-1.2276,-0.005638
1889,4.7225,-1.1441,-0.005255
1890,4.725,-1.3822,-0.006349
1891,4.7275,-1.383,-0.006352
1892,4.73,-1.3778,-0.006328
1893,4.7325,-1.3196,-0.006061
1894,4.735,-1.504,-0.006908
1895,4.7375,-1.6621,-0.007634
1896,4.74,-1.3997,-0.006429
1897,4.7425,-1.6292,-0.007483
1898,4.745,-1.6289,-0.007482
1899,4.7475,-1.8329,-0.008419
1900,4.75,-1.9411,-0.008916
1901,4.7525,-1.9555,-0.008981
1902,4.755,-1.9807,-0.009097
1903,4.7575,-1.7237,-0.007917
1904,4.76,-1.933,-0.008878
1905,4.7625,-2.2512,-0.01034
1906,4.765,-2.0225,-0.009289
1907,4.7675,-1.9503,-0.008958
1908,4.77,-2.0552,-0.00944
1909,4.7725,-1.848,-0.008488
1910,4.775,-2.7589,-0.012672
1911,4.7775,-2.3498,-0.010792
1912,4.78,-2.7134,-0.012463
1913,4.7825,-2.4307,-0.011164
1914,4.785,-2.5506,-0.011715
1915,4.7875,-2.1189,-0.009732
1916,4.79,-2.0606,-0.009464
1917,4.7925,-1.9676,-0.009037
1918,4.795,-2.3894,-0.010975
1919,4.7975,-2.4676,-0.011334
1920,4.8,-2.138,-0.00982
1921,4.8025,-2.0113,-0.009238
1922,4.805,-2.2614,-0.010387
1923,4.8075,-2.1226,-0.009749
1924,4.81,-2.1676,-0.009956
1925,4.8125,-2.1788,-0.010007
1926,4.815,-2.0791,-0.009549
1927,4.8175,-2.2193,-0.010193
1928,4.82,-2.1297,-0.009782
1929,4.8225,-1.9812,-0.009099
1930,4.825,-2.016,-0.009259
1931,4.8275,-2.4988,-0.011477
1932,4.83,-2.5888,-0.01189
1933,4.8325,-2.5637,-0.011775
1934,4.835,-2.2475,-0.010323
1935,4.8375,-2.396,-0.011005
1936,4.84,-2.6483,-0.012164
1937,4.8425,-3.0331,-0.013931
1938,4.845,-2.9624,-0.013606
1939,4.8475,-2.7823,-0.012779
1940,4.85,-3.0953,-0.014217
1941,4.8525,-2.9074,-0.013354
1942,4.855,-2.8125,-0.012918
1943,4.8575,-2.8857,-0.013254
1944,4.86,-2.868,-0.013173
1945,4.8625,-3.0054,-0.013804
1946,4.865,-2.7889,-0.01281
1947,4.8675,-2.2211,-0.010201
1948,4.87,-2.0622,-0.009472
1949,4.8725,-1.8793,-0.008632
1950,4.875,-2.1503,-0.009876
1951,4.8775,-2.1738,-0.009984
1952,4.88,-1.6056,-0.007374
1953,4.8825,-1.3926,-0.006396
1954,4.885,-1.4584,-0.006698
1955,4.8875,-1.2543,-0.005761
1956,4.89,-1.2082,-0.005549
1957,4.8925,-1.0692,-0.004911
1958,4.895,-1.16,-0.005328
1959,4.8975,-1.4219,-0.006531
1960,4.9,-1.5536,-0.007136
1961,4.9025,-1.8923,-0.008691
1962,4.905,-1.8098,-0.008312
1963,4.9075,-2.062,-0.009471
1964,4.91,-1.6653,-0.007649
1965,4.9125,-1.2915,-0.005932
1966,4.915,-1.0721,-0.004924
1967,4.9175,-1.0198,-0.004684
1968,4.92,-0.6098,-0.002801
1969,4.9225,-0.3519,-0.001616
1970,4.925,-0.1425,-0.000655
1971,4.9275,-0.1012,-0.000465
1972,4.93,-0.2353,-0.001081
1973,4.9325,-0.3331,-0.00153
1974,4.935,-0.6614,-0.003038
1975,4.9375,-0.8103,-0.003721
1976,4.94,-0.6696,-0.003075
1977,4.9425,-0.7166,-0.003291
1978,4.945,-0.7832,-0.003597
1979,4.9475,-0.1443,-0.000663
1980,4.95,-0.0259,-0.000119
1981,4.9525,0.159,0.00073
1982,4.955,-0.0895,-0.000411
1983,4.9575,-0.8074,-0.003709
1984,4.96,-0.7322,-0.003363
1985,4.9625,-0.8119,-0.003729
1986,4.965,-0.77,-0.003537
1987,4.9675,-0.7048,-0.003237
1988,4.97,-0.4472,-0.002054
1989,4.9725,-0.0278,-0.000128
1990,4.975,0.3848,0.001768
1991,4.9775,-0.0411,-0.000189
1992,4.98,-0.121,-0.000556
1993,4.9825,-0.1778,-0.000817
1994,4.985,0.2699,0.001239
1995,4.9875,0.6036,0.002772
1996,4.99,0.4906,0.002253
1997,4.9925,0.4311,0.00198
1998,4.995,0.7126,0.003273
1999,4.9975,1.1245,0.005165
