idx,elapsed_ns,position_counts
0,727302,-123
1,611175,-123
2,539436,-123
3,534215,-124
4,435444,-124
5,301129,-124
6,287677,-123
7,351204,-123
8,354292,-123
9,366180,-123
10,393248,-123
11,375690,-123
12,361019,-123
13,390351,-124
14,360873,-124
15,290307,-124
16,286670,-123
17,365139,-123
18,360588,-123
19,317481,-123
20,296307,-123
21,288744,-123
22,315906,-123
23,281554,-123
24,318031,-123
25,299359,-123
26,319005,-123
27,328288,-123
28,306178,-123
29,315910,-123
30,330612,-123
31,350312,-123
32,352899,-123
33,379622,-123
34,350437,-123
35,353817,-123
36,348561,-123
37,315729,-123
38,306512,-123
39,310681,-123
40,287230,-123
41,315051,-123
42,308616,-123
43,292518,-123
44,326343,-123
45,349712,-123
46,315509,-123
47,324192,-123
48,330167,-123
49,334856,-123
50,326545,-123
51,330344,-123
52,331109,-123
53,328853,-123
54,343874,-123
55,324991,-123
56,343093,-123
57,326796,-123
58,315256,-123
59,345188,-123
60,350048,-123
61,352588,-123
62,349178,-123
63,356557,-123
64,347340,-123
65,323450,-123
66,329431,-123
67,331062,-123
68,348204,-123
69,351199,-123
70,367958,-123
71,366334,-123
72,356632,-123
73,364902,-123
74,368046,-123
75,375872,-123
76,385913,-123
77,388661,-122
78,377126,-123
79,396123,-123
80,364144,-123
81,408150,-123
82,410530,-123
83,388884,-123
84,363463,-123
85,381634,-123
86,403436,-123
87,413206,-123
88,403451,-123
89,405964,-123
90,419752,-123
91,384746,-123
92,447478,-123
93,410586,-123
94,446905,-123
95,426116,-123
96,427259,-123
97,454627,-124
98,397458,-124
99,388394,-124
100,405006,-124
101,410502,-124
102,443207,-124
103,404897,-124
104,428773,-124
105,410281,-124
106,427889,-124
107,422730,-124
108,390259,-124
109,433173,-124
110,415015,-124
111,404338,-124
112,409755,-124
113,409325,-123
114,379623,-123
115,432288,-123
116,416540,-123
117,418552,-123
118,406881,-123
119,429590,-123
120,384286,-123
121,400230,-123
122,407855,-123
123,409997,-123
124,408891,-123
125,385567,-123
126,405809,-123
127,421713,-123
128,426129,-123
129,416861,-123
130,455645,-123
131,387020,-123
132,420531,-123
133,437189,-123
134,398298,-123
135,391291,-123
136,405496,-123
137,389837,-123
138,411717,-123
139,411710,-123
140,377218,-123
141,424561,-123
142,392844,-123
143,412179,-123
144,382509,-123
145,409899,-123
146,410337,-123
147,427248,-123
148,440304,-123
149,457944,-123
150,446674,-123
151,409311,-123
152,402707,-123
153,421225,-123
154,411582,-123
155,407006,-123
156,416780,-123
157,399728,-123
158,409719,-123
159,404584,-123
160,408200,-123
161,387279,-123
162,406668,-123
163,431199,-122
164,404584,-122
165,405273,-123
166,396550,-123
167,404158,-123
168,411602,-123
169,409319,-123
170,408900,-123
171,402079,-123
172,422834,-122
173,410872,-122
174,388377,-122
175,408905,-122
176,401914,-122
177,399999,-123
178,402825,-123
179,401204,-123
180,385384,-123
181,383974,-123
182,427035,-123
183,392984,-123
184,384366,-123
185,397418,-123
186,406522,-123
187,429977,-123
188,408462,-123
189,417752,-123
190,368050,-123
191,388343,-123
192,400080,-123
193,423400,-123
194,410473,-123
195,415028,-123
196,403349,-123
197,402778,-123
198,390153,-122
199,375652,-122
200,396059,-122
201,387424,-122
202,389182,-122
203,383590,-123
204,401374,-123
205,431663,-123
206,396055,-123
207,391947,-123
208,365475,-123
209,373415,-123
210,419422,-123
211,386902,-123
212,390622,-123
213,384750,-123
214,402417,-123
215,394151,-123
216,387464,-123
217,391744,-123
218,388931,-123
219,396223,-123
220,400798,-123
221,384646,-123
222,391358,-123
223,365212,-123
224,399402,-123
225,417936,-123
226,388718,-123
227,368595,-124
228,388205,-124
229,379033,-124
230,403822,-124
231,401244,-123
232,387082,-123
233,396545,-123
234,392637,-123
235,401811,-123
236,385380,-123
237,391114,-123
238,366604,-123
239,399791,-122
240,398681,-123
241,383148,-123
242,390688,-123
243,389372,-123
244,395798,-123
245,377764,-123
246,388801,-123
247,404705,-123
248,395188,-123
249,398283,-123
250,395556,-123
251,386999,-122
252,387707,-122
253,384478,-123
254,402499,-123
255,416707,-123
256,391590,-123
257,389030,-123
258,362201,-123
259,403966,-123
260,392947,-123
261,389889,-123
262,369240,-123
263,382752,-123
264,420924,-123
265,396066,-123
266,389369,-123
267,367660,-123
268,394194,-124
269,400051,-124
270,381535,-124
271,403602,-124
272,356147,-123
273,364363,-123
274,388352,-123
275,366561,-123
276,384236,-123
277,351577,-123
278,365731,-123
279,385001,-123
280,377754,-123
281,384921,-123
282,401629,-123
283,395851,-123
284,387022,-123
285,391445,-123
286,384743,-123
287,399733,-123
288,357228,-123
289,379676,-123
290,368971,-123
291,390736,-123
292,389481,-123
293,372572,-123
294,384272,-124
295,383553,-124
296,388093,-124
297,345442,-124
298,348765,-124
299,388314,-123
300,376483,-123
301,378822,-123
302,348364,-123
303,376900,-123
304,387487,-123
305,370897,-123
306,362958,-123
307,382634,-123
308,388141,-123
309,385112,-123
310,387312,-123
311,369923,-123
312,389314,-123
313,397686,-123
314,380494,-123
315,408452,-123
316,389654,-123
317,386713,-123
318,400816,-123
319,380168,-123
320,403349,-123
321,349978,-123
322,386840,-123
323,368114,-123
324,411079,-123
325,345385,-123
326,353525,-123
327,382639,-123
328,366777,-123
329,371900,-123
330,386023,-123
331,345632,-123
332,404007,-123
333,354449,-123
334,369681,-123
335,385967,-123
336,346577,-123
337,354022,-123
338,384623,-123
339,379684,-123
340,379862,-123
341,385051,-123
342,389968,-123
343,388235,-123
344,384824,-123
345,370374,-123
346,365534,-123
347,352312,-123
348,386611,-123
349,385711,-123
350,372013,-123
351,407648,-122
352,386363,-122
353,366796,-122
354,388046,-122
355,349504,-122
356,366197,-122
357,387430,-123
358,389687,-123
359,368384,-123
360,370482,-123
361,386205,-122
362,346239,-122
363,371413,-123
364,388053,-123
365,398346,-123
366,361656,-123
367,383322,-123
368,411379,-123
369,387177,-123
370,397567,-123
371,381141,-124
372,384876,-123
373,354960,-123
374,367367,-123
375,387702,-123
376,405770,-123
377,387835,-123
378,390660,-123
379,386252,-123
380,390606,-123
381,404871,-123
382,409286,-123
383,370533,-123
384,386427,-124
385,345859,-124
386,349173,-124
387,386921,-124
388,379325,-124
389,406301,-124
390,382232,-124
391,390639,-124
392,365333,-124
393,388754,-123
394,392054,-123
395,362537,-123
396,382626,-123
397,377377,-123
398,385176,-123
399,376241,-123
400,401593,-123
401,359020,-123
402,354963,-123
403,387600,-124
404,352985,-124
405,385991,-124
406,386808,-123
407,393890,-123
408,384395,-123
409,348244,-123
410,366689,-123
411,345300,-123
412,373187,-123
413,388020,-123
414,397901,-123
415,383573,-123
416,382811,-124
417,390778,-124
418,407947,-123
419,398958,-123
420,380981,-123
421,362887,-123
422,353936,-123
423,362473,-123
424,388450,-123
425,410742,-123
426,388530,-123
427,391012,-123
428,387413,-123
429,389026,-123
430,408692,-123
431,386289,-123
432,369965,-123
433,386788,-123
434,345441,-123
435,381067,-123
436,377805,-123
437,398746,-123
438,383694,-123
439,383105,-123
440,368323,-123
441,386557,-123
442,347196,-123
443,372012,-123
444,385648,-123
445,362311,-123
446,373498,-123
447,366281,-123
448,351995,-123
449,388762,-123
450,366815,-123
451,391502,-123
452,386453,-123
453,390585,-123
454,385170,-123
455,346095,-123
456,371734,-123
457,390541,-123
458,407488,-123
459,386915,-123
460,398433,-123
461,360915,-123
462,366168,-123
463,394303,-123
464,383645,-122
465,383228,-122
466,392421,-123
467,407852,-123
468,344799,-123
469,392482,-123
470,366017,-123
471,390005,-123
472,385895,-123
473,368233,-123
474,348843,-123
475,386490,-123
476,378692,-123
477,379954,-123
478,387080,-122
479,350972,-123
480,386959,-123
481,389241,-123
482,368369,-123
483,387522,-123
484,369283,-123
485,386710,-123
486,348680,-123
487,388967,-123
488,370740,-123
489,377766,-123
490,372742,-122
491,350677,-122
492,373306,-123
493,384608,-123
494,405051,-123
495,390020,-123
496,364319,-123
497,350650,-123
498,408218,-123
499,346466,-123
500,371073,-123
501,386699,-123
502,344597,-123
503,395207,-123
504,382101,-123
505,371673,-123
506,385983,-123
507,388569,-123
508,391622,-123
509,386803,-123
510,390041,-123
511,389096,-123
512,383981,-123
513,369947,-123
514,348585,-122
515,395069,-123
516,402569,-123
517,357418,-123
518,390311,-123
519,388591,-123
520,387278,-123
521,386171,-123
522,384196,-123
523,371100,-123
524,388576,-123
525,397311,-123
526,377224,-123
527,346622,-123
528,349220,-123
529,386493,-123
530,347262,-123
531,376373,-123
532,383193,-123
533,396348,-124
534,379691,-124
535,389388,-123
536,388452,-123
537,386059,-123
538,378405,-123
539,401850,-123
540,405837,-124
541,358676,-124
542,379190,-124
543,367660,-124
544,389894,-124
545,365936,-124
546,348478,-123
547,387244,-123
548,387564,-123
549,370932,-123
550,386445,-123
551,378116,-123
552,382757,-123
553,383039,-124
554,391343,-124
555,386564,-123
556,346168,-123
557,372046,-123
558,385452,-123
559,370917,-123
560,386017,-123
561,345683,-123
562,372963,-123
563,398037,-123
564,388735,-123
565,384691,-123
566,381361,-123
567,411439,-124
568,386815,-124
569,397553,-124
570,382965,-124
571,381929,-123
572,371876,-123
573,388683,-123
574,387118,-123
575,410004,-123
576,390164,-123
577,407596,-123
578,408942,-123
579,345910,-124
580,410695,-124
581,347532,-124
582,387598,-124
583,369187,-123
584,390669,-123
585,405051,-123
586,347071,-123
587,387353,-123
588,371468,-123
589,387988,-123
590,388583,-123
591,366468,-123
592,379095,-123
593,377424,-123
594,345236,-123
595,369898,-123
596,344980,-123
597,347092,-123
598,373523,-123
599,384243,-123
600,346744,-123
601,390593,-123
602,365269,-123
603,371124,-123
604,386379,-123
605,345644,-123
606,370042,-123
607,345095,-123
608,438976,-123
609,442132,-123
610,410595,-123
611,403124,-123
612,362579,-123
613,383536,-123
614,385468,-123
615,366525,-123
616,398343,-123
617,361369,-123
618,395671,-123
619,361756,-123
620,378645,-123
621,413267,-123
622,405577,-123
623,416325,-124
624,378872,-124
625,386991,-124
626,390690,-124
627,384345,-124
628,347819,-124
629,388541,-123
630,365230,-123
631,371747,-123
632,384357,-123
633,346538,-123
634,348788,-123
635,386163,-123
636,347455,-123
637,395197,-123
638,385015,-123
639,391531,-123
640,402777,-122
641,387668,-122
642,367174,-122
643,385356,-122
644,375510,-122
645,402475,-122
646,384145,-123
647,374097,-123
648,390122,-123
649,382752,-123
650,385691,-123
651,386792,-123
652,350917,-123
653,383396,-123
654,379682,-123
655,377400,-123
656,406705,-123
657,348078,-123
658,366290,-123
659,386842,-123
660,390467,-123
661,366439,-123
662,349811,-123
663,386084,-123
664,344934,-123
665,371171,-123
666,383791,-123
667,366924,-123
668,388106,-123
669,346791,-123
670,369699,-123
671,384509,-123
672,348492,-123
673,392619,-123
674,381671,-123
675,354244,-123
676,400710,-123
677,345564,-124
678,348480,-124
679,406342,-124
680,351103,-124
681,394853,-123
682,359234,-123
683,389520,-123
684,384119,-123
685,387307,-123
686,373378,-123
687,382573,-123
688,397394,-123
689,382056,-123
690,401757,-123
691,374493,-123
692,383119,-122
693,345693,-122
694,410152,-122
695,345842,-122
696,349658,-123
697,362587,-123
698,367163,-123
699,370480,-123
700,385777,-123
701,367893,-123
702,375863,-123
703,383228,-123
704,390493,-123
705,367496,-123
706,386010,-122
707,411654,-122
708,382553,-123
709,392089,-123
710,385544,-123
711,389911,-123
712,407696,-123
713,386197,-123
714,369811,-123
715,386723,-123
716,386832,-123
717,369696,-123
718,369184,-123
719,390968,-123
720,400339,-123
721,367168,-123
722,349094,-123
723,387823,-123
724,386213,-123
725,388573,-123
726,366829,-123
727,368473,-123
728,386710,-123
729,368664,-123
730,388931,-123
731,407134,-123
732,414743,-123
733,385037,-123
734,388150,-123
735,388752,-123
736,386176,-123
737,391159,-123
738,383701,-123
739,368716,-123
740,388366,-123
741,385710,-123
742,361884,-123
743,374442,-123
744,366239,-123
745,356584,-123
746,380097,-123
747,385871,-123
748,389875,-123
749,386952,-123
750,390841,-123
751,383905,-123
752,368313,-123
753,348759,-123
754,364999,-123
755,346888,-123
756,389587,-123
757,385451,-123
758,372532,-123
759,367053,-123
760,387979,-123
761,406339,-123
762,385520,-123
763,369728,-123
764,386634,-123
765,386030,-123
766,372130,-123
767,359098,-123
768,403228,-123
769,376504,-123
770,386919,-123
771,390025,-123
772,386698,-123
773,398783,-123
774,355616,-123
775,384923,-123
776,390520,-123
777,387017,-123
778,388078,-123
779,368145,-123
780,388481,-123
781,390166,-123
782,391318,-123
783,381902,-123
784,389923,-123
785,387967,-123
786,393127,-123
787,383769,-123
788,393264,-123
789,363307,-124
790,406748,-124
791,390034,-123
792,386249,-123
793,388931,-123
794,372592,-123
795,361368,-123
796,397155,-123
797,396092,-123
798,388683,-123
799,394317,-123
800,382986,-123
801,400627,-123
802,396656,-123
803,387824,-123
804,370658,-123
805,384140,-123
806,381157,-123
807,380406,-123
808,366911,-123
809,390369,-123
810,359544,-123
811,387710,-123
812,412361,-124
813,384785,-124
814,393103,-124
815,383545,-124
816,387903,-124
817,433600,-124
818,365660,-124
819,389947,-124
820,368814,-123
821,382568,-123
822,391447,-123
823,385254,-123
824,392466,-123
825,386908,-123
826,385127,-123
827,394433,-123
828,382431,-123
829,395210,-123
830,380104,-123
831,389406,-123
832,388675,-123
833,370324,-123
834,397655,-123
835,375566,-123
836,387591,-123
837,388895,-123
838,408619,-123
839,399513,-123
840,355870,-123
841,387007,-123
842,392340,-123
843,384836,-123
844,406469,-123
845,394363,-123
846,387004,-123
847,409504,-123
848,385552,-123
849,381808,-123
850,375223,-123
851,368010,-123
852,394264,-123
853,358053,-123
854,388170,-123
855,389637,-123
856,386132,-123
857,390418,-123
858,384960,-123
859,394329,-123
860,384457,-123
861,385892,-123
862,392082,-123
863,385868,-123
864,387765,-123
865,374900,-123
866,361082,-123
867,396574,-123
868,380660,-123
869,387044,-123
870,395375,-123
871,403631,-123
872,413090,-123
873,389255,-123
874,384857,-123
875,390478,-123
876,384847,-123
877,394910,-123
878,400493,-123
879,387690,-123
880,371098,-123
881,386483,-123
882,398602,-123
883,376218,-122
884,386962,-122
885,368773,-122
886,387160,-122
887,388580,-122
888,367975,-122
889,409782,-122
890,392978,-123
891,403493,-123
892,387314,-123
893,369170,-123
894,387994,-122
895,390193,-122
896,384132,-122
897,389530,-122
898,415628,-122
899,385567,-122
900,388012,-122
901,369087,-122
902,369150,-124
903,384170,-124
904,409580,-122
905,387092,-122
906,385113,-124
907,388685,-123
908,394025,-122
909,402661,-123
910,391228,-123
911,385483,-123
912,368600,-123
913,389880,-123
914,385198,-123
915,412629,-123
916,386100,-122
917,389449,-122
918,388585,-123
919,367629,-123
920,397731,-123
921,355851,-123
922,385813,-124
923,369481,-124
924,386657,-123
925,387678,-123
926,418176,-123
927,359663,-123
928,396991,-123
929,361138,-123
930,385598,-124
931,391725,-124
932,384317,-124
933,390155,-124
934,387960,-124
935,363525,-124
936,394383,-123
937,406603,-123
938,388582,-123
939,386713,-123
940,386869,-123
941,390576,-124
942,407060,-124
943,387589,-123
944,387463,-123
945,405202,-125
946,375181,-124
947,384996,-123
948,389227,-123
949,386999,-123
950,390640,-124
951,387965,-124
952,369491,-124
953,402042,-124
954,375081,-124
955,388898,-124
956,386336,-124
957,365007,-124
958,402470,-123
959,375790,-123
960,368349,-123
961,393970,-123
962,359217,-123
963,385659,-123
964,388324,-124
965,385344,-124
966,394320,-124
967,403391,-124
968,387991,-124
969,389961,-123
970,386524,-123
971,391715,-123
972,405363,-123
973,387999,-123
974,388514,-123
975,385754,-123
976,391303,-123
977,397564,-123
978,357718,-123
979,392186,-123
980,358316,-123
981,414743,-123
982,388292,-123
983,383861,-123
984,370916,-123
985,385252,-124
986,395882,-124
987,379200,-123
988,387245,-123
989,392193,-123
990,386024,-123
991,376319,-124
992,357054,-124
993,386634,-123
994,396178,-123
995,359371,-123
996,386564,-123
997,389897,-123
998,388524,-123
999,388889,-123
1000,406802,-123
1001,388228,-123
1002,390458,-123
1003,387572,-123
1004,390230,-123
1005,411498,-123
1006,384300,-123
1007,387059,-123
1008,388085,-123
1009,392778,-123
1010,384265,-123
1011,372114,-123
1012,390479,-123
1013,358922,-123
1014,396709,-123
1015,357582,-123
1016,386282,-123
1017,411971,-123
1018,383621,-123
1019,398249,-123
1020,378592,-123
1021,386579,-123
1022,392166,-123
1023,384827,-123
1024,382527,-123
1025,354885,-123
1026,385808,-123
1027,390609,-123
1028,391838,-123
1029,414317,-122
1030,376702,-123
1031,364552,-123
1032,390598,-123
1033,385015,-122
1034,399811,-123
1035,379122,-123
1036,385832,-123
1037,395572,-123
1038,384623,-123
1039,398160,-123
1040,359840,-123
1041,383629,-123
1042,394009,-123
1043,359953,-123
1044,388150,-123
1045,388096,-123
1046,388160,-123
1047,393327,-123
1048,383500,-123
1049,386379,-123
1050,391519,-123
1051,385051,-123
1052,392166,-123
1053,384629,-123
1054,388171,-123
1055,389551,-123
1056,406561,-123
1057,390506,-123
1058,386109,-123
1059,390422,-123
1060,393298,-123
1061,360361,-123
1062,401208,-123
1063,354686,-123
1064,388933,-123
1065,394298,-123
1066,403619,-123
1067,399336,-123
1068,378166,-123
1069,386855,-123
1070,388905,-123
1071,385702,-123
1072,402907,-123
1073,384973,-123
1074,375637,-123
1075,394333,-123
1076,381883,-123
1077,399921,-123
1078,356445,-123
1079,386441,-123
1080,395295,-123
1081,359022,-123
1082,388732,-123
1083,391170,-123
1084,385666,-123
1085,390335,-123
1086,385998,-123
1087,386853,-123
1088,391012,-123
1089,389530,-123
1090,397082,-123
1091,360326,-123
1092,385155,-123
1093,387054,-123
1094,365309,-123
1095,372699,-123
1096,380665,-123
1097,341302,-123
1098,364179,-123
1099,347353,-123
1100,348176,-123
1101,346497,-123
1102,349559,-123
1103,331402,-123
1104,314362,-123
1105,309433,-123
1106,311723,-123
1107,315129,-123
1108,284048,-123
1109,291135,-123
1110,311562,-123
1111,307291,-123
1112,304238,-123
1113,312408,-123
1114,306451,-123
1115,311103,-123
1116,305440,-123
1117,293392,-123
1118,306577,-123
1119,292622,-123
1120,292229,-123
1121,306937,-123
1122,312539,-123
1123,286093,-123
1124,306859,-123
1125,310335,-123
1126,309301,-123
1127,313661,-123
1128,309303,-123
1129,343392,-123
1130,364270,-123
1131,326410,-123
1132,338635,-123
1133,357853,-123
1134,349002,-123
1135,361017,-123
1136,317040,-123
1137,329412,-123
1138,342686,-123
1139,355690,-123
1140,311523,-123
1141,303114,-123
1142,307665,-123
1143,287127,-123
1144,308358,-123
1145,310332,-123
1146,308920,-123
1147,329840,-123
1148,311072,-123
1149,309683,-123
1150,310672,-123
1151,289134,-123
1152,309486,-123
1153,309804,-123
1154,312543,-123
1155,308990,-123
1156,310319,-123
1157,330622,-123
1158,309754,-122
1159,309939,-122
1160,289083,-123
1161,318401,-123
1162,303610,-123
1163,309256,-123
1164,312397,-123
1165,307910,-123
1166,288317,-122
1167,295637,-122
1168,305509,-122
1169,319446,-122
1170,353250,-123
1171,344337,-123
1172,315311,-123
1173,323215,-123
1174,341819,-123
1175,312278,-123
1176,329236,-123
1177,306223,-123
1178,309829,-123
1179,312251,-123
1180,310693,-122
1181,305968,-122
1182,310448,-122
1183,332283,-122
1184,308913,-122
1185,288716,-122
1186,312215,-122
1187,307871,-123
1188,326090,-123
1189,296409,-123
1190,306707,-123
1191,308919,-123
1192,293424,-123
1193,291997,-123
1194,306178,-123
1195,310923,-123
1196,312309,-123
1197,310472,-123
1198,288150,-123
1199,310244,-123
1200,309881,-123
1201,286950,-123
1202,314999,-123
1203,305059,-123
1204,292806,-123
1205,311521,-123
1206,311463,-123
1207,325490,-123
1208,342272,-123
1209,303785,-123
1210,322064,-123
1211,310609,-123
1212,325371,-123
1213,327974,-123
1214,332177,-123
1215,329958,-123
1216,328328,-123
1217,329418,-123
1218,332395,-123
1219,326836,-123
1220,330268,-123
1221,334261,-123
1222,325113,-123
1223,328631,-123
1224,334152,-123
1225,324640,-123
1226,329968,-123
1227,329420,-122
1228,327530,-122
1229,328975,-122
1230,325288,-122
1231,327102,-122
1232,308460,-123
1233,331926,-122
1234,330004,-122
1235,305106,-122
1236,352745,-123
1237,310196,-123
1238,302879,-122
1239,288905,-122
1240,307832,-123
1241,309970,-123
1242,308439,-123
1243,288527,-122
1244,314850,-122
1245,316267,-122
1246,346545,-123
1247,309963,-123
1248,329686,-123
1249,326063,-123
1250,331109,-123
1251,329111,-123
1252,333304,-123
1253,306490,-123
1254,311432,-123
1255,328679,-123
1256,330640,-124
1257,350373,-124
1258,369887,-124
1259,336036,-124
1260,302293,-124
1261,327103,-124
1262,328512,-124
1263,329713,-123
1264,327660,-123
1265,308367,-123
1266,310957,-123
1267,305806,-123
1268,307687,-123
1269,312750,-123
1270,329147,-123
1271,308604,-123
1272,308259,-123
1273,309849,-123
1274,308750,-123
1275,288103,-123
1276,312015,-123
1277,288447,-123
1278,314930,-123
1279,306098,-122
1280,314655,-122
1281,283603,-122
1282,310371,-123
1283,315827,-123
1284,336416,-123
1285,323891,-124
1286,324684,-124
1287,311286,-124
1288,319485,-123
1289,299834,-123
1290,303001,-123
1291,289382,-123
1292,309642,-123
1293,310136,-123
1294,309644,-123
1295,291656,-123
1296,313744,-123
1297,304869,-123
1298,325422,-123
1299,296533,-124
1300,314129,-125
1301,285326,-125
1302,312679,-123
1303,287359,-123
1304,331528,-123
1305,311862,-123
1306,287932,-123
1307,309119,-123
1308,292384,-123
1309,311916,-123
1310,326085,-123
1311,337716,-123
1312,307742,-123
1313,303491,-123
1314,314525,-123
1315,354185,-123
1316,303534,-123
1317,329168,-123
1318,332674,-123
1319,326890,-123
1320,330887,-123
1321,331614,-123
1322,327804,-123
1323,330108,-123
1324,345803,-123
1325,328763,-123
1326,350075,-123
1327,371168,-122
1328,328294,-123
1329,354043,-123
1330,351235,-123
1331,364419,-123
1332,328633,-123
1333,335217,-123
1334,343630,-123
1335,369871,-123
1336,366989,-123
1337,370617,-123
1338,384858,-123
1339,365483,-123
1340,393687,-123
1341,404563,-123
1342,393036,-122
1343,383451,-122
1344,435737,-122
1345,417372,-122
1346,389459,-122
1347,394069,-123
1348,399350,-123
1349,346568,-123
1350,370900,-123
1351,388368,-123
1352,386291,-123
1353,373380,-123
1354,383460,-123
1355,346952,-122
1356,364407,-122
1357,368450,-122
1358,371671,-122
1359,385908,-122
1360,376239,-122
1361,379978,-123
1362,385376,-123
1363,350151,-122
1364,390858,-123
1365,419788,-123
1366,409520,-123
1367,378380,-123
1368,406184,-123
1369,388806,-123
1370,385918,-123
1371,392343,-123
1372,382600,-123
1373,372567,-123
1374,384332,-123
1375,389024,-123
1376,371590,-123
1377,383593,-123
1378,362223,-123
1379,354116,-123
1380,386999,-123
1381,393699,-123
1382,364875,-123
1383,401291,-123
1384,355052,-123
1385,386834,-123
1386,368946,-123
1387,391514,-123
1388,402854,-123
1389,390501,-123
1390,367335,-123
1391,347462,-123
1392,387939,-123
1393,368957,-123
1394,392435,-123
1395,386280,-123
1396,400054,-124
1397,377482,-124
1398,388062,-124
1399,390138,-123
1400,388667,-124
1401,421025,-124
1402,372024,-123
1403,367622,-123
1404,395242,-123
1405,382329,-123
1406,366611,-123
1407,392447,-123
1408,364309,-123
1409,349661,-123
1410,385723,-123
1411,368512,-123
1412,369216,-123
1413,386864,-124
1414,358454,-124
1415,404158,-124
1416,382298,-123
1417,369959,-123
1418,386329,-123
1419,345994,-123
1420,369211,-123
1421,390186,-123
1422,390592,-123
1423,383012,-123
1424,347158,-123
1425,351275,-123
1426,389944,-123
1427,401341,-123
1428,360695,-123
1429,380733,-123
1430,362025,-123
1431,397948,-123
1432,360119,-123
1433,351441,-123
1434,373055,-123
1435,353529,-123
1436,377395,-123
1437,392163,-123
1438,369340,-123
1439,375075,-123
1440,352927,-123
1441,350884,-123
1442,361261,-123
1443,366096,-123
1444,361173,-123
1445,344626,-123
1446,346417,-123
1447,352284,-123
1448,339663,-123
1449,332438,-123
1450,360777,-123
1451,365309,-123
1452,345557,-123
1453,343354,-123
1454,345577,-123
1455,323943,-123
1456,338254,-123
1457,347099,-123
1458,371358,-123
1459,344724,-123
1460,311299,-123
1461,346516,-123
1462,333645,-123
1463,346490,-123
1464,343908,-122
1465,328421,-122
1466,347220,-123
1467,317255,-123
1468,344912,-123
1469,320947,-122
1470,378497,-122
1471,335729,-122
1472,342864,-122
1473,306536,-122
1474,310658,-122
1475,305835,-122
1476,330775,-123
1477,301284,-123
1478,345812,-123
1479,313090,-123
1480,327894,-123
1481,292027,-123
1482,326062,-123
1483,313537,-123
1484,315650,-123
1485,320086,-123
1486,286145,-123
1487,297966,-123
1488,356939,-123
1489,337499,-123
1490,342272,-123
1491,326625,-123
1492,327127,-123
1493,365103,-123
1494,339164,-123
1495,328667,-123
1496,349879,-123
1497,365229,-123
1498,342671,-123
1499,400578,-123
1500,355793,-123
1501,327748,-123
1502,374901,-123
1503,363908,-123
1504,363081,-123
1505,339619,-123
1506,340505,-123
1507,326234,-123
1508,374655,-123
1509,335442,-123
1510,351548,-124
1511,336900,-124
1512,341190,-123
1513,369128,-123
1514,370419,-123
1515,331484,-123
1516,351978,-123
1517,308470,-123
1518,330494,-123
1519,351599,-123
1520,369114,-123
1521,343789,-123
1522,309369,-123
1523,317193,-123
1524,354583,-123
1525,344027,-123
1526,344961,-123
1527,348891,-123
1528,365684,-123
1529,326979,-123
1530,340066,-123
1531,343098,-123
1532,349272,-123
1533,344665,-124
1534,302679,-124
1535,306963,-124
1536,340257,-124
1537,324845,-124
1538,311406,-124
1539,339635,-124
1540,350892,-124
1541,304611,-124
1542,327166,-124
1543,322826,-124
1544,362975,-124
1545,355821,-124
1546,358547,-124
1547,330551,-124
1548,308410,-124
1549,347007,-124
1550,313358,-124
1551,348334,-124
1552,347768,-124
1553,328583,-124
1554,332647,-124
1555,346624,-124
1556,349773,-124
1557,336590,-124
1558,350600,-124
1559,344826,-124
1560,354492,-124
1561,346590,-124
1562,347905,-124
1563,371356,-124
1564,347194,-124
1565,358109,-124
1566,360168,-124
1567,326845,-123
1568,328399,-123
1569,369101,-123
1570,368936,-123
1571,362402,-123
1572,362605,-123
1573,386705,-123
1574,375308,-123
1575,346441,-124
1576,381866,-124
1577,372740,-124
1578,366338,-124
1579,364551,-123
1580,348181,-123
1581,354391,-123
1582,363796,-123
1583,354677,-123
1584,364850,-123
1585,340046,-123
1586,348647,-123
1587,361373,-123
1588,355791,-123
1589,346750,-123
1590,339163,-124
1591,363866,-124
1592,348881,-124
1593,348629,-124
1594,347847,-123
1595,368275,-123
1596,351580,-123
1597,350283,-122
1598,359692,-122
1599,334725,-122
1600,347060,-123
1601,346855,-123
1602,375635,-123
1603,366207,-123
1604,358351,-123
1605,386497,-123
1606,369374,-122
1607,391723,-122
1608,343993,-122
1609,369874,-122
1610,367656,-122
1611,385867,-122
1612,379592,-122
1613,383280,-122
1614,349403,-122
1615,392792,-122
1616,406365,-122
1617,388054,-123
1618,389819,-122
1619,384583,-122
1620,392030,-122
1621,386544,-122
1622,372445,-122
1623,389585,-122
1624,403439,-122
1625,411801,-122
1626,386845,-122
1627,369168,-122
1628,385108,-122
1629,353448,-123
1630,363471,-123
1631,390385,-123
1632,410834,-122
1633,407511,-122
1634,388041,-122
1635,348109,-123
1636,386168,-123
1637,377779,-123
1638,397316,-123
1639,369813,-123
1640,371573,-123
1641,365073,-123
1642,388421,-123
1643,394002,-123
1644,385932,-123
1645,390762,-123
1646,386461,-122
1647,387092,-122
1648,388264,-123
1649,348635,-123
1650,391575,-123
1651,365676,-123
1652,387887,-123
1653,369471,-123
1654,388707,-123
1655,378446,-123
1656,378486,-123
1657,384150,-123
1658,375726,-123
1659,401041,-123
1660,367648,-123
1661,390486,-123
1662,345272,-123
1663,353115,-123
1664,388649,-123
1665,384228,-123
1666,400624,-123
1667,398014,-123
1668,390067,-123
1669,384496,-123
1670,386176,-123
1671,369647,-123
1672,408352,-123
1673,356582,-123
1674,359804,-123
1675,385752,-123
1676,391327,-123
1677,383256,-123
1678,379291,-123
1679,385588,-123
1680,384876,-123
1681,388446,-123
1682,409165,-123
1683,399913,-123
1684,374038,-123
1685,363446,-123
1686,367702,-123
1687,361865,-123
1688,394171,-123
1689,366246,-123
1690,325463,-123
1691,327356,-123
1692,363510,-123
1693,368182,-123
1694,348244,-123
1695,353141,-123
1696,348621,-123
1697,356100,-123
1698,398921,-123
1699,356195,-123
1700,350910,-123
1701,351272,-123
1702,347623,-123
1703,368021,-123
1704,345827,-123
1705,348143,-123
1706,353025,-123
1707,345820,-123
1708,345231,-123
1709,332317,-123
1710,326363,-123
1711,376132,-123
1712,366942,-123
1713,365820,-123
1714,379042,-123
1715,346848,-123
1716,369431,-123
1717,386817,-123
1718,367351,-123
1719,371517,-123
1720,366317,-123
1721,366535,-123
1722,380276,-123
1723,384085,-123
1724,346282,-123
1725,393296,-123
1726,387041,-123
1727,392294,-123
1728,392582,-123
1729,381386,-123
1730,388671,-123
1731,388921,-123
1732,392600,-123
1733,408171,-123
1734,382036,-123
1735,372010,-123
1736,384460,-123
1737,362743,-123
1738,374621,-123
1739,366467,-123
1740,349182,-123
1741,366930,-123
1742,388103,-123
1743,392223,-123
1744,387433,-123
1745,345806,-123
1746,349343,-122
1747,344959,-122
1748,423009,-123
1749,389522,-123
1750,385934,-123
1751,376910,-123
1752,397228,-123
1753,383426,-122
1754,386804,-123
1755,366445,-123
1756,412288,-123
1757,346437,-123
1758,351223,-123
1759,384192,-123
1760,369090,-123
1761,375061,-123
1762,383981,-123
1763,402736,-123
1764,353212,-123
1765,387960,-123
1766,369407,-123
1767,386517,-123
1768,368245,-123
1769,390567,-123
1770,346582,-123
1771,376772,-123
1772,380108,-123
1773,367605,-123
1774,351118,-124
1775,385069,-124
1776,368287,-124
1777,399322,-124
1778,361383,-124
1779,388460,-124
1780,391204,-124
1781,381765,-124
1782,371625,-123
1783,366498,-123
1784,389658,-123
1785,388470,-123
1786,389040,-123
1787,388895,-123
1788,367478,-123
1789,397999,-123
1790,380084,-123
1791,364525,-123
1792,391566,-123
1793,389655,-123
1794,400320,-123
1795,357168,-123
1796,386320,-123
1797,391460,-123
1798,387174,-123
1799,386374,-123
1800,390181,-123
1801,389601,-123
1802,391417,-123
1803,384318,-123
1804,367494,-123
1805,354843,-123
1806,365513,-123
1807,397084,-123
1808,356650,-123
1809,388530,-123
1810,389537,-123
1811,389047,-123
1812,395766,-123
1813,380327,-123
1814,367807,-123
1815,369073,-123
1816,366652,-123
1817,368590,-124
1818,354327,-123
1819,381722,-123
1820,357648,-123
1821,378162,-123
1822,366519,-123
1823,370991,-123
1824,391327,-123
1825,405460,-123
1826,390389,-123
1827,367561,-123
1828,379981,-123
1829,379707,-123
1830,387840,-123
1831,374168,-123
1832,380806,-123
1833,360609,-123
1834,354585,-122
1835,393134,-122
1836,407144,-122
1837,403599,-123
1838,350899,-123
1839,370129,-123
1840,386532,-123
1841,350269,-123
1842,387817,-123
1843,365996,-123
1844,371321,-123
1845,386857,-122
1846,356716,-123
1847,403973,-123
1848,383074,-122
1849,369680,-123
1850,388735,-123
1851,366812,-123
1852,389434,-123
1853,346251,-123
1854,381318,-123
1855,409793,-122
1856,401213,-122
1857,384734,-123
1858,389322,-123
1859,390261,-123
1860,384670,-123
1861,347340,-123
1862,350554,-123
1863,385087,-123
1864,345377,-123
1865,394666,-123
1866,386144,-123
1867,388723,-123
1868,392530,-122
1869,405910,-122
1870,388770,-123
1871,389528,-123
1872,387246,-123
1873,347521,-123
1874,347645,-123
1875,349265,-123
1876,386376,-123
1877,367598,-123
1878,389033,-123
1879,367379,-123
1880,370109,-123
1881,386033,-123
1882,346566,-123
1883,373754,-123
1884,385638,-123
1885,356018,-123
1886,399738,-123
1887,350536,-123
1888,371109,-123
1889,386196,-123
1890,384131,-123
1891,373758,-123
1892,385908,-123
1893,391358,-123
1894,386570,-123
1895,343970,-123
1896,351467,-123
1897,385991,-123
1898,368439,-123
1899,394538,-123
1900,385327,-123
1901,370304,-123
1902,406554,-123
1903,365257,-123
1904,372248,-123
1905,363999,-123
1906,372215,-123
1907,388827,-123
1908,388872,-123
1909,391282,-123
1910,386980,-123
1911,395650,-123
1912,401920,-123
1913,386476,-123
1914,357694,-123
1915,379187,-123
1916,369340,-124
1917,392449,-124
1918,387089,-123
1919,387378,-123
1920,351143,-123
1921,388292,-123
1922,409501,-123
1923,385655,-123
1924,368957,-123
1925,366259,-123
1926,368088,-123
1927,371788,-123
1928,409033,-123
1929,396510,-123
1930,357116,-123
1931,392666,-123
1932,369491,-123
1933,385449,-123
1934,389519,-123
1935,366436,-123
1936,344979,-123
1937,374820,-123
1938,383917,-123
1939,367774,-123
1940,350223,-123
1941,386135,-123
1942,346722,-123
1943,390205,-123
1944,366078,-123
1945,373113,-123
1946,385697,-123
1947,346192,-123
1948,372575,-123
1949,385484,-123
1950,395879,-123
1951,358026,-123
1952,365080,-123
1953,386613,-123
1954,346744,-123
1955,347389,-123
1956,370725,-123
1957,386363,-123
1958,356369,-123
1959,381252,-123
1960,365908,-123
1961,374267,-123
1962,391212,-123
1963,402717,-123
1964,391407,-123
1965,403713,-123
1966,375190,-123
1967,387421,-123
1968,403140,-123
1969,392509,-123
1970,398704,-123
1971,384156,-123
1972,387999,-123
1973,383103,-123
1974,367111,-123
1975,369071,-123
1976,380581,-123
1977,376187,-123
1978,369521,-123
1979,349301,-123
1980,363127,-123
1981,368803,-123
1982,368819,-122
1983,366754,-122
1984,369630,-122
1985,386807,-123
1986,347992,-123
1987,369187,-123
1988,387778,-123
1989,367982,-123
1990,395183,-123
1991,386627,-123
1992,394462,-123
1993,358278,-123
1994,388988,-123
1995,367137,-123
1996,386400,-123
1997,351624,-123
1998,365255,-123
1999,367147,-123
