idx,set_ns,update_ns,total_ns
0,369060,338994,708054
1,344767,306619,651386
2,347954,314150,662104
3,345598,314932,660530
4,347817,334727,682544
5,343431,317975,661406
6,328169,309740,637909
7,351704,310041,661745
8,350937,302848,653785
9,350788,311410,662198
10,347070,314343,661413
11,358645,344296,702941
12,352346,341997,694343
13,380306,355028,735334
14,369166,350415,719581
15,420199,324725,744924
16,356454,327809,684263
17,390781,375497,766278
18,390897,349939,740836
19,369583,339557,709140
20,363673,352926,716599
21,368957,347744,716701
22,366900,335598,702498
23,347514,358454,705968
24,364838,329210,694048
25,372040,350250,722290
26,348463,361446,709909
27,364156,350593,714749
28,353017,346206,699223
29,359893,368023,727916
30,388095,333148,721243
31,368936,328988,697924
32,348839,350954,699793
33,352774,351046,703820
34,389920,327528,717448
35,395272,326090,721362
36,373872,327218,701090
37,352954,350255,703209
38,348992,349379,698371
39,373540,349341,722881
40,388223,357397,745620
41,365119,367325,732444
42,376732,350913,727645
43,375078,366655,741733
44,354924,356057,710981
45,382371,330951,713322
46,371658,329035,700693
47,394040,348136,742176
48,370340,354680,725020
49,351284,352305,703589
50,370541,329132,699673
51,369567,352249,721816
52,389679,340560,730239
53,378166,351395,729561
54,359292,348758,708050
55,364862,354574,719436
56,388207,327697,715904
57,351853,350806,702659
58,358992,341709,700701
59,348077,359124,707201
60,364893,349360,714253
61,371294,351637,722931
62,351770,351527,703297
63,347314,350266,697580
64,347226,351862,699088
65,384566,358951,743517
66,372144,328908,701052
67,347757,351904,699661
68,352966,352494,705460
69,409715,353157,762872
70,390403,342578,732981
71,377617,352285,729902
72,355194,369156,724350
73,346985,356946,703931
74,366503,350496,716999
75,349744,351265,701009
76,362217,341515,703732
77,362491,354439,716930
78,348068,350692,698760
79,372218,349242,721460
80,355012,357137,712149
81,382799,331616,714415
82,392115,349611,741726
83,353434,323861,677295
84,353909,353816,707725
85,387655,330770,718425
86,353695,326393,680088
87,374961,371651,746612
88,385453,362838,748291
89,381734,353595,735329
90,414493,328249,742742
91,372080,328368,700448
92,388765,350763,739528
93,392438,328411,720849
94,350026,352525,702551
95,368492,359481,727973
96,387812,371514,759326
97,391156,353465,744621
98,371304,347014,718318
99,357247,354259,711506
100,383161,332846,716007
101,348856,351028,699884
102,366883,355499,722382
103,391110,358432,749542
104,402186,353027,755213
105,369798,351628,721426
106,354179,347989,702168
107,347030,352731,699761
108,348181,350454,698635
109,379511,363361,742872
110,352885,332384,685269
111,365977,350715,716692
112,352296,352040,704336
113,348586,334494,683080
114,385661,352238,737899
115,396118,326278,722396
116,355546,348553,704099
117,352515,355264,707779
118,363368,351637,715005
119,351881,348937,700818
120,368077,356062,724139
121,387004,360996,748000
122,404478,348934,753412
123,372659,351369,724028
124,347423,355541,702964
125,347762,329322,677084
126,396828,350108,746936
127,370290,351495,721785
128,389376,354288,743664
129,384658,372222,756880
130,375100,351238,726338
131,363635,336474,700109
132,370811,332970,703781
133,367926,350725,718651
134,394035,328991,723026
135,351215,352855,704070
136,387068,352037,739105
137,393034,327927,720961
138,351536,349104,700640
139,369764,354257,724021
140,352020,347638,699658
141,400413,367002,767415
142,405390,358202,763592
143,352887,354677,707564
144,381608,331280,712888
145,354623,349242,703865
146,369132,354376,723508
147,388978,360333,749311
148,402623,349412,752035
149,373506,349469,722975
150,353209,352968,706177
151,386334,330208,716542
152,396900,345989,742889
153,371111,351353,722464
154,347734,353814,701548
155,347486,352924,700410
156,375736,348428,724164
157,345603,356731,702334
158,390426,340234,730660
159,381670,349793,731463
160,357166,366485,723651
161,350053,353862,703915
162,388533,328624,717157
163,351580,349923,701503
164,365158,357191,722349
165,349358,354487,703845
166,346726,352733,699459
167,370286,351471,721757
168,353316,348664,701980
169,347037,353530,700567
170,369734,350323,720057
171,387350,335335,722685
172,351763,351060,702823
173,346152,351210,697362
174,376015,328600,704615
175,410497,354679,765176
176,367595,363707,731302
177,399619,349835,749454
178,396275,326752,723027
179,352239,352660,704899
180,386065,350826,736891
181,371961,350144,722105
182,351168,349916,701084
183,369276,354731,724007
184,347158,352324,699482
185,372288,329133,701421
186,368661,360049,728710
187,387642,339353,726995
188,381064,353107,734171
189,351439,329094,680533
190,368320,333327,701647
191,387741,350184,737925
192,372621,350226,722847
193,358879,347661,706540
194,364673,353304,717977
195,347319,352739,700058
196,374695,350812,725507
197,352913,353557,706470
198,384992,329624,714616
199,391933,349798,741731
200,356063,366989,723052
201,346841,356088,702929
202,408665,351618,760283
203,374262,346647,720909
204,364130,344808,708938
205,384580,354713,739293
206,372596,347536,720132
207,352570,348697,701267
208,367158,356658,723816
209,385598,380519,766117
210,387520,347705,735225
211,375505,349144,724649
212,346041,356356,702397
213,346760,329786,676546
214,371775,350839,722614
215,396095,346799,742894
216,347941,360919,708860
217,385285,328106,713391
218,353663,332856,686519
219,407300,333043,740343
220,390558,361385,751943
221,380137,350181,730318
222,376827,364954,741781
223,352630,352473,705103
224,347322,352668,699990
225,350229,348098,698327
226,364363,344471,708834
227,362447,357082,719529
228,387636,331510,719146
229,349911,349955,699866
230,351181,332703,683884
231,365020,333494,698514
232,389161,350708,739869
233,404107,358278,762385
234,347198,375201,722399
235,388067,349686,737753
236,376564,348921,725485
237,365006,335409,700415
238,346950,360390,707340
239,364056,349387,713443
240,374351,352309,726660
241,386473,356446,742919
242,388008,360767,748775
243,382509,349548,732057
244,354520,347771,702291
245,346701,358025,704726
246,365875,349958,715833
247,397071,329584,726655
248,390930,349963,740893
249,353576,374497,728073
250,386593,348147,734740
251,352499,330941,683440
252,347635,352156,699791
253,352304,350965,703269
254,356396,329826,686222
255,355253,347957,703210
256,350273,332977,683250
257,386796,328457,715253
258,350960,351760,702720
259,352127,349741,701868
260,347141,352192,699333
261,350188,350596,700784
262,382069,361965,744034
263,351874,351035,702909
264,345746,352145,697891
265,353780,371204,724984
266,390001,354630,744631
267,367778,364713,732491
268,375358,349533,724891
269,355823,374471,730294
270,386611,329806,716417
271,391401,347714,739115
272,393926,329135,723061
273,350447,352231,702678
274,367201,353342,720543
275,353741,350755,704496
276,388439,330376,718815
277,347021,359516,706537
278,388434,339056,727490
279,382494,352457,734951
280,354256,347325,701581
281,366097,357321,723418
282,388015,331668,719683
283,348663,350917,699580
284,394855,347939,742794
285,350611,331064,681675
286,389104,353340,742444
287,349097,328001,677098
288,353635,353801,707436
289,384118,331924,716042
290,393309,349202,742511
291,371756,348882,720638
292,349270,356863,706133
293,386760,351600,738360
294,357128,371460,728588
295,403062,361249,764311
296,386566,355158,741724
297,405825,332499,738324
298,355368,343072,698440
299,349702,353979,703681
300,347468,361505,708973
301,402887,353541,756428
302,369107,353536,722643
303,353605,352200,705805
304,385889,330667,716556
305,391520,349588,741108
306,350706,328976,679682
307,353171,354390,707561
308,386493,330094,716587
309,370240,330248,700488
310,390608,353126,743734
311,368829,359359,728188
312,380264,353167,733431
313,357307,372258,729565
314,367551,355523,723074
315,384804,350439,735243
316,392191,328486,720677
317,352307,350382,702689
318,368437,355009,723446
319,351788,351307,703095
320,389796,328098,717894
321,348643,355299,703942
322,387006,372436,759442
323,352492,350784,703276
324,355977,349774,705751
325,365121,359098,724219
326,387047,331236,718283
327,350035,351543,701578
328,363866,336953,700819
329,366976,336811,703787
330,367738,347879,715617
331,357388,328991,686379
332,370915,331099,702014
333,387908,329527,717435
334,393830,349752,743582
335,350491,348298,698789
336,370252,354523,724775
337,351081,347006,698087
338,354801,329585,684386
339,368625,352755,721380
340,353299,385184,738483
341,353245,350243,703488
342,349975,352410,702385
343,349069,353507,702576
344,410350,350389,760739
345,372517,351181,723698
346,362004,341670,703674
347,364727,356311,721038
348,344531,352139,696670
349,372201,349989,722190
350,347922,360756,708678
351,383707,331057,714764
352,374437,328239,702676
353,404999,356938,761937
354,347955,357372,705327
355,387084,361063,748147
356,384614,349422,734036
357,363208,338859,702067
358,387002,355590,742592
359,369062,351874,720936
360,349616,350662,700278
361,368599,355785,724384
362,350278,351403,701681
363,357325,332738,690063
364,370721,348939,719660
365,370223,352892,723115
366,353132,344257,697389
367,352701,350796,703497
368,370707,353451,724158
369,387740,340373,728113
370,383553,352374,735927
371,349696,352130,701826
372,349322,331298,680620
373,367790,351433,719223
374,377551,366216,743767
375,357761,347962,705723
376,384966,360117,745083
377,361741,355238,716979
378,370699,328105,698804
379,369602,353106,722708
380,352492,325715,678207
381,374097,326906,701003
382,377852,344485,722337
383,375008,333448,708456
384,387668,353813,741481
385,391436,327738,719174
386,348882,351993,700875
387,367147,361815,728962
388,382647,349947,732594
389,356007,352179,708186
390,363573,356445,720018
391,387454,330172,717626
392,349169,352616,701785
393,362195,343522,705717
394,365058,358577,723635
395,386332,350502,736834
396,349314,329593,678907
397,347918,355204,703122
398,347762,352053,699815
399,373504,330356,703860
400,380262,362016,742278
401,374072,369288,743360
402,385948,352328,738276
403,358074,365148,723222
404,350499,374047,724546
405,345946,355115,701061
406,389121,331171,720292
407,371758,350353,722111
408,371353,371271,742624
409,387503,379327,766830
410,384302,351261,735563
411,372015,349127,721142
412,353280,351900,705180
413,345528,355088,700616
414,373804,346413,720217
415,378035,347301,725336
416,388593,353544,742137
417,347065,330202,677267
418,353485,349796,703281
419,389585,333394,722979
420,389444,359435,748879
421,383475,349884,733359
422,370603,351348,721951
423,348637,360153,708790
424,362773,350250,713023
425,350459,372954,723413
426,390988,351744,742732
427,368872,353343,722215
428,347649,373743,721392
429,376387,327281,703668
430,348101,353728,701829
431,369592,360584,730176
432,379441,353551,732992
433,351744,330691,682435
434,369705,331532,701237
435,389020,350369,739389
436,373324,351601,724925
437,362248,336869,699117
438,347763,338882,686645
439,384983,351062,736045
440,372879,350191,723070
441,351151,351848,702999
442,346544,350423,696967
443,351908,349356,701264
444,361663,364550,726213
445,346624,354197,700821
446,348405,329699,678104
447,352932,353155,706087
448,346218,354191,700409
449,368661,350303,718964
450,394582,330045,724627
451,383778,357924,741702
452,351763,352280,704043
453,388011,328880,716891
454,351039,352187,703226
455,367890,353133,721023
456,354642,350051,704693
457,363517,344473,707990
458,359348,360634,719982
459,369092,334442,703534
460,384377,351767,736144
461,353179,350683,703862
462,349047,373436,722483
463,347698,355098,702796
464,363389,353354,716743
465,352585,351267,703852
466,346292,356365,702657
467,344552,352102,696654
468,355133,325800,680933
469,348917,354333,703250
470,366912,362567,729479
471,381104,371712,752816
472,395449,349187,744636
473,367970,354845,722815
474,350820,348268,699088
475,397955,325423,723378
476,354192,350343,704535
477,409791,354872,764663
478,388372,330059,718431
479,371801,348263,720064
480,383081,359470,742551
481,351539,353269,704808
482,387911,330585,718496
483,351543,350359,701902
484,390147,331829,721976
485,353162,325311,678473
486,370266,352541,722807
487,356986,343806,700792
488,353637,329127,682764
489,346796,351889,698685
490,396985,327596,724581
491,348642,355104,703746
492,346009,352908,698917
493,346960,372577,719537
494,418296,348783,767079
495,346898,352766,699664
496,352113,349574,701687
497,349166,348247,697413
498,371751,352141,723892
499,370576,362139,732715
500,380186,350431,730617
501,359330,348887,708217
502,366754,352726,719480
503,387281,330015,717296
504,350373,349396,699769
505,357397,344582,701979
506,371374,355259,726633
507,388621,351228,739849
508,350179,331486,681665
509,351976,353971,705947
510,384885,329963,714848
511,394984,348694,743678
512,372600,351533,724133
513,347687,352946,700633
514,390274,348535,738809
515,358497,370122,728619
516,393469,364881,758350
517,352940,328585,681525
518,367895,356069,723964
519,366727,350958,717685
520,371249,357429,728678
521,386772,374580,761352
522,388277,352835,741112
523,370418,348943,719361
524,354414,353257,707671
525,388372,331419,719791
526,392092,349442,741534
527,351231,327018,678249
528,352821,354696,707517
529,385270,329449,714719
530,354043,348648,702691
531,388834,359000,747834
532,363096,360653,723749
533,383131,350718,733849
534,377662,365640,743302
535,353208,353645,706853
536,385611,354834,740445
537,368785,350557,719342
538,366083,357875,723958
539,346166,354381,700547
540,353231,347097,700328
541,349061,352578,701639
542,367305,362786,730091
543,384087,340094,724181
544,380481,347802,728283
545,356833,349941,706774
546,365399,357427,722826
547,386776,353669,740445
548,370226,349230,719456
549,370387,350739,721126
550,390738,359080,749818
551,365410,353925,719335
552,354079,347930,702009
553,365739,356395,722134
554,346734,359522,706256
555,403273,353041,756314
556,391390,328625,720015
557,390251,353101,743352
558,368889,365049,733938
559,378225,351229,729454
560,379424,364775,744199
561,374042,329061,703103
562,347097,353554,700651
563,390632,353481,744113
564,367863,353665,721528
565,423116,342416,765532
566,356083,340942,697025
567,355257,369957,725214
568,400910,356727,757637
569,347094,357908,705002
570,348739,350283,699022
571,350250,369890,720140
572,388137,357304,745441
573,367718,359535,727253
574,402909,352400,755309
575,370966,352068,723034
576,345689,357075,702764
577,350427,350564,700991
578,349654,373270,722924
579,388159,353275,741434
580,346195,344585,690780
581,360200,331952,692152
582,393351,328214,721565
583,370428,351742,722170
584,373553,325802,699355
585,392584,349054,741638
586,354395,350304,704699
587,346367,356858,703225
588,351791,371900,723691
589,392857,366847,759704
590,357541,343469,701010
591,349325,336972,686297
592,382347,354061,736408
593,348573,328605,677178
594,349395,355626,705021
595,344962,352504,697466
596,355418,348096,703514
597,346606,337852,684458
598,388202,352390,740592
599,369785,348389,718174
600,352371,352132,704503
601,346496,353725,700221
602,348545,348933,697478
603,357624,374070,731694
604,370457,324139,694596
605,370121,352272,722393
606,368921,332948,701869
607,353069,326464,679533
608,348141,336026,684167
609,348972,326607,675579
610,350776,354884,705660
611,365382,357591,722973
612,385956,362537,748493
613,404142,352792,756934
614,369234,352069,721303
615,347364,355166,702530
616,345049,356074,701123
617,369663,350981,720644
618,374930,347915,722845
619,352786,349043,701829
620,344338,352543,696881
621,351978,370331,722309
622,389486,356803,746289
623,365452,363491,728943
624,382802,348536,731338
625,373399,350150,723549
626,348571,356694,705265
627,345674,354883,700557
628,373022,349530,722552
629,363463,358658,722121
630,348247,352221,700468
631,346079,352178,698257
632,374913,351258,726171
633,351780,353462,705242
634,386786,330023,716809
635,392382,330731,723113
636,358384,339598,697982
637,351235,354777,706012
638,346624,351639,698263
639,350322,371400,721722
640,391971,329495,721466
641,369923,330579,700502
642,392581,353473,746054
643,349588,330929,680517
644,368355,354103,722458
645,370453,330072,700525
646,349314,329586,678900
647,369462,353525,722987
648,368209,375356,743565
649,391961,350130,742091
650,355615,352989,708604
651,384228,334046,718274
652,367811,328501,696312
653,392600,351621,744221
654,374554,347145,721699
655,352045,349234,701279
656,348780,329504,678284
657,375960,372648,748608
658,389035,333434,722469
659,391204,353984,745188
660,386318,330032,716350
661,373022,327994,701016
662,349797,355792,705589
663,388933,331057,719990
664,390874,349975,740849
665,352038,329741,681779
666,352350,354882,707232
667,383684,351772,735456
668,350406,328720,679126
669,391056,353163,744219
670,367791,364914,732705
671,378695,352509,731204
672,355884,370368,726252
673,390631,331374,722005
674,367473,332137,699610
675,348963,350070,699033
676,355811,364692,720503
677,348291,357540,705831
678,388010,329381,717391
679,352504,349856,702360
680,351725,353296,705021
681,387983,328613,716596
682,395377,348274,743651
683,349690,330957,680647
684,351811,351424,703235
685,347535,349871,697406
686,373603,349512,723115
687,389376,359883,749259
688,366314,358462,724776
689,383040,349848,732888
690,376676,368033,744709
691,368936,337250,706186
692,385031,351634,736665
693,395879,329463,725342
694,347520,353245,700765
695,369449,352593,722042
696,349547,349509,699056
697,350906,350110,701016
698,369197,357780,726977
699,385385,339619,725004
700,381341,352475,733816
701,356069,350189,706258
702,366717,356973,723690
703,387655,332175,719830
704,348209,350686,698895
705,365262,336387,701649
706,346261,356483,702744
707,368741,351784,720525
708,371782,349989,721771
709,345934,359983,705917
710,386819,329059,715878
711,394742,347591,742333
712,350515,329708,680223
713,368363,334389,702752
714,347554,333802,681356
715,347561,336345,683906
716,385893,357113,743006
717,364491,353627,718118
718,395324,327553,722877
719,350288,352166,702454
720,346952,355065,702017
721,367407,350559,717966
722,354539,351420,705959
723,368366,351538,719904
724,368597,333160,701757
725,379085,329912,708997
726,351624,348447,700071
727,392257,334398,726655
728,370742,326940,697682
729,351256,351046,702302
730,348165,374273,722438
731,389878,359229,749107
732,382478,335439,717917
733,393976,368005,761981
734,391978,350950,742928
735,368859,361846,730705
736,381306,350397,731703
737,353926,328715,682641
738,347889,358991,706880
739,387332,327973,715305
740,359496,349536,709032
741,394467,368803,763270
742,382868,356010,738878
743,347528,331502,679030
744,352594,348723,701317
745,368329,338799,707128
746,363072,333918,696990
747,369992,350706,720698
748,386791,337607,724398
749,351457,349197,700654
750,348758,352243,701001
751,372736,351941,724677
752,388178,332473,720651
753,375343,376199,751542
754,401361,351403,752764
755,372108,350385,722493
756,352881,332361,685242
757,367395,349849,717244
758,350072,374247,724319
759,390876,350280,741156
760,370715,352250,722965
761,351926,349246,701172
762,349681,330525,680206
763,369365,356474,725839
764,388324,363908,752232
765,380039,351280,731319
766,355482,348150,703632
767,365267,360944,726211
768,384660,330481,715141
769,351310,350410,701720
770,355355,344655,700010
771,347824,357926,705750
772,385991,331148,717139
773,374043,348371,722414
774,373299,330871,704170
775,346231,350515,696746
776,351033,351542,702575
777,363387,365093,728480
778,389544,330475,720019
779,387830,350418,738248
780,354028,330399,684427
781,389201,354303,743504
782,367127,359433,726560
783,383240,372691,755931
784,395028,352071,747099
785,365876,356259,722135
786,389296,376239,765535
787,386327,331916,718243
788,375041,366550,741591
789,354377,348543,702920
790,347335,331379,678714
791,390515,351778,742293
792,376819,343895,720714
793,353205,353095,706300
794,345191,352019,697210
795,354054,368582,722636
796,390309,333280,723589
797,386096,364014,750110
798,401831,352196,754027
799,371067,349197,720264
800,351754,356061,707815
801,405942,363957,769899
802,385361,366110,751471
803,372213,333451,705664
804,385809,359888,745697
805,363366,351718,715084
806,392976,328949,721925
807,355330,346752,702082
808,347143,358502,705645
809,365629,350821,716450
810,353264,352544,705808
811,368264,352283,720547
812,354478,350423,704901
813,377829,329121,706950
814,351079,352132,703211
815,390031,333223,723254
816,388136,352686,740822
817,354783,350182,704965
818,363632,375183,738815
819,367998,354824,722822
820,367009,352485,719494
821,350150,371882,722032
822,390340,356038,746378
823,364750,364575,729325
824,380077,350807,730884
825,374892,353210,728102
826,389364,332345,721709
827,368096,330546,698642
828,349848,351710,701558
829,360681,364788,725469
830,384130,358913,743043
831,365897,350149,716046
832,353541,350096,703637
833,345913,357176,703089
834,408038,339320,747358
835,383789,349201,732990
836,372858,334638,707496
837,363079,357119,720198
838,345607,354457,700064
839,372355,351168,723523
840,362596,338325,700921
841,349678,352317,701995
842,387889,329564,717453
843,374142,351304,725446
844,351543,354418,705961
845,385546,327637,713183
846,394289,351275,745564
847,350775,349025,699800
848,368483,356436,724919
849,386850,352684,739534
850,370653,356231,726884
851,394621,363065,757686
852,347996,356841,704837
853,346544,330651,677195
854,374840,353295,728135
855,385674,353356,739030
856,367797,363382,731179
857,359505,332557,692062
858,467173,470382,937555
859,511928,453801,965729
860,513942,450928,964870
861,513751,415799,929550
862,394824,392176,787000
863,474587,460785,935372
864,508235,473487,981722
865,487402,453328,940730
866,418431,408493,826924
867,491343,462730,954073
868,500996,468445,969441
869,492501,469799,962300
870,402139,358188,760327
871,474002,384996,858998
872,382793,357931,740724
873,387282,330104,717386
874,389197,350067,739264
875,355023,351332,706355
876,360509,378408,738917
877,369134,329185,698319
878,347721,355462,703183
879,349797,329059,678856
880,366613,360184,726797
881,363564,353633,717197
882,387842,348157,735999
883,404840,365444,770284
884,360356,356664,717020
885,375340,342890,718230
886,365465,348064,713529
887,402208,362193,764401
888,381495,340335,721830
889,350265,323013,673278
890,396619,345220,741839
891,371053,328527,699580
892,330849,310035,640884
893,334975,304906,639881
894,350227,317269,667496
895,327748,330447,658195
896,359679,304828,664507
897,349298,338383,687681
898,343673,330309,673982
899,353362,334479,687841
900,323475,312692,636167
901,328181,330994,659175
902,350970,320004,670974
903,343301,335117,678418
904,353872,360700,714572
905,342413,351894,694307
906,370233,331171,701404
907,370051,353503,723554
908,352791,334230,687021
909,371363,329263,700626
910,390976,352221,743197
911,369486,368535,738021
912,377291,371085,748376
913,391585,352174,743759
914,368758,352001,720759
915,347804,356493,704297
916,375440,346329,721769
917,350418,349916,700334
918,370035,354668,724703
919,385220,351535,736755
920,354035,330144,684179
921,346910,335499,682409
922,409142,341041,750183
923,382889,347856,730745
924,353163,348931,702094
925,368069,355601,723670
926,346131,352373,698504
927,377374,348294,725668
928,410866,352807,763673
929,388379,353351,741730
930,369752,348923,718675
931,353417,352816,706233
932,397039,370080,767119
933,391033,368690,759723
934,389123,348679,737802
935,351756,331545,683301
936,345790,358633,704423
937,388207,339855,728062
938,380848,350772,731620
939,354544,350963,705507
940,366054,352075,718129
941,348374,331371,679745
942,375009,338062,713071
943,394173,345015,739188
944,385268,333512,718780
945,385272,355922,741194
946,371332,350957,722289
947,347144,354418,701562
948,367380,362147,729527
949,387227,365559,752786
950,359114,343091,702205
951,370855,333429,704284
952,367913,351241,719154
953,371045,348606,719651
954,359149,348890,708039
955,387415,332548,719963
956,368718,330296,699014
957,392898,351334,744232
958,366917,372723,739640
959,372582,373471,746053
960,388054,329418,717472
961,357648,351137,708785
962,386133,354459,740592
963,348863,329085,677948
964,370531,350531,721062
965,380502,364371,744873
966,346073,356803,702876
967,345944,353261,699205
968,347799,371067,718866
969,393595,332004,725599
970,389783,362941,752724
971,379234,351936,731170
972,375593,364120,739713
973,377572,371093,748665
974,385767,378019,763786
975,388204,330348,718552
976,351765,350369,702134
977,348345,354465,702810
978,386345,330319,716664
979,396069,329419,725488
980,376002,366259,742261
981,346311,359887,706198
982,363993,352885,716878
983,351890,348301,700191
984,368853,355419,724272
985,351964,346408,698372
986,396803,327411,724214
987,370029,348519,718548
988,347163,333715,680878
989,389338,348534,737872
990,352300,332054,684354
991,367970,372402,740372
992,349249,356744,705993
993,367018,352348,719366
994,353635,349924,703559
995,365562,354183,719745
996,388456,348726,737182
997,395318,329866,725184
998,383243,337653,720896
999,370174,372975,743149
